step,learn/loss,learn/td_abs_mean,learn/grad_norm,learn/grad_steps,learn/nonfinite_streak,episode/return,episode/length,track/luigi_circuit_tt/episode_return,track/luigi_circuit_tt/episode_length,env_steps,grad_steps,replay/capacity,replay/fill_ratio,reward/checkpoint,reward/offroad,reward/wall,reward/finish,reward/position,reward/total,track_sampler/luigi_circuit_tt/weight
66,0.6216933131217957,0.5210407972335815,27.77773094177246,1,0,,,,,,,,,,,,,,,
67,0.23803430795669556,0.3074756860733032,13.887003898620605,2,0,,,,,,,,,,,,,,,
68,0.2421468049287796,0.2996181547641754,13.541189193725586,3,0,,,,,,,,,,,,,,,
69,0.486986368894577,0.45161449909210205,16.191720962524414,4,0,,,,,,,,,,,,,,,
70,0.09156161546707153,0.17910873889923096,4.258029460906982,5,0,,,,,,,,,,,,,,,
71,0.18482229113578796,0.2490207552909851,11.976778030395508,6,0,,,,,,,,,,,,,,,
72,0.09102584421634674,0.16556283831596375,5.314497947692871,7,0,,,,,,,,,,,,,,,
73,0.24479401111602783,0.32220444083213806,14.434195518493652,8,0,,,,,,,,,,,,,,,
74,0.14021256566047668,0.21315057575702667,6.406079292297363,9,0,,,,,,,,,,,,,,,
75,0.10821455717086792,0.18366312980651855,2.9430227279663086,10,0,,,,,,,,,,,,,,,
76,0.18384331464767456,0.2353057563304901,8.129920959472656,11,0,,,,,,,,,,,,,,,
77,0.24777278304100037,0.28000330924987793,15.312581062316895,12,0,,,,,,,,,,,,,,,
78,0.10670799016952515,0.16633078455924988,4.114706516265869,13,0,,,,,,,,,,,,,,,
79,0.32908621430397034,0.34223246574401855,17.440135955810547,14,0,,,,,,,,,,,,,,,
80,0.25741520524024963,0.31103062629699707,16.014320373535156,15,0,,,,,,,,,,,,,,,
81,0.24932992458343506,0.3193240165710449,13.684784889221191,16,0,,,,,,,,,,,,,,,
82,0.3358619809150696,0.31950581073760986,16.87640380859375,17,0,,,,,,,,,,,,,,,
83,0.1852165311574936,0.25152522325515747,4.425819396972656,18,0,,,,,,,,,,,,,,,
84,0.5148860216140747,0.4149988889694214,21.689170837402344,19,0,,,,,,,,,,,,,,,
85,0.33582377433776855,0.35921573638916016,15.434643745422363,20,0,,,,,,,,,,,,,,,
86,0.4391605257987976,0.39234113693237305,16.495437622070312,21,0,,,,,,,,,,,,,,,
87,1.3533676862716675,0.7621606588363647,31.91359519958496,22,0,,,,,,,,,,,,,,,
88,1.808807373046875,0.8652198910713196,33.84723663330078,23,0,,,,,,,,,,,,,,,
89,0.3989112377166748,0.3487924635410309,13.73300838470459,24,0,,,,,,,,,,,,,,,
90,0.5189123749732971,0.44984108209609985,26.553489685058594,25,0,,,,,,,,,,,,,,,
91,1.0210189819335938,0.6702843308448792,33.95061492919922,26,0,,,,,,,,,,,,,,,
92,0.4045780897140503,0.417797714471817,17.179807662963867,27,0,,,,,,,,,,,,,,,
93,0.1706080138683319,0.2710205912590027,4.788193225860596,28,0,,,,,,,,,,,,,,,
94,0.46481335163116455,0.37588757276535034,18.276317596435547,29,0,,,,,,,,,,,,,,,
95,0.1661461740732193,0.26909732818603516,2.4890220165252686,30,0,,,,,,,,,,,,,,,
96,0.15297213196754456,0.25821685791015625,2.5502288341522217,31,0,,,,,,,,,,,,,,,
97,0.25016897916793823,0.32121533155441284,12.356831550598145,32,0,,,,,,,,,,,,,,,
98,0.22080914676189423,0.23906312882900238,7.6641740798950195,33,0,,,,,,,,,,,,,,,
99,0.7151463031768799,0.5835682153701782,24.13886833190918,34,0,,,,,,,,,,,,,,,
100,0.3483680486679077,0.3822065591812134,15.845401763916016,35,0,,,,,,,,,,,,,,,
101,0.6437716484069824,0.5250787734985352,26.476560592651367,36,0,,,,,,,,,,,,,,,
102,0.5783320069313049,0.4825383126735687,22.770559310913086,37,0,,,,,,,,,,,,,,,
103,2.9189610481262207,1.291365385055542,41.44222640991211,38,0,,,,,,,,,,,,,,,
104,0.38979238271713257,0.3529124855995178,14.9389066696167,39,0,,,,,,,,,,,,,,,
105,1.5107990503311157,0.8548216819763184,32.11281204223633,40,0,,,,,,,,,,,,,,,
106,0.5550887584686279,0.4696083962917328,18.57512855529785,41,0,,,,,,,,,,,,,,,
107,0.23533853888511658,0.27052468061447144,12.067211151123047,42,0,,,,,,,,,,,,,,,
108,0.5739040970802307,0.4603061079978943,16.256322860717773,43,0,,,,,,,,,,,,,,,
109,0.17540720105171204,0.2841014862060547,8.82856273651123,44,0,,,,,,,,,,,,,,,
110,2.911058187484741,1.273916482925415,47.62884521484375,45,0,,,,,,,,,,,,,,,
111,0.45203015208244324,0.3781229555606842,13.00940990447998,46,0,,,,,,,,,,,,,,,
112,0.2811015844345093,0.3336612582206726,12.9212646484375,47,0,,,,,,,,,,,,,,,
113,0.9310322999954224,0.5933811068534851,26.89272689819336,48,0,,,,,,,,,,,,,,,
114,1.2824788093566895,0.7546669244766235,34.93392562866211,49,0,,,,,,,,,,,,,,,
115,0.28069019317626953,0.2444663792848587,4.272131443023682,50,0,,,,,,,,,,,,,,,
116,0.20080547034740448,0.2916077971458435,6.562719821929932,51,0,,,,,,,,,,,,,,,
117,0.21285834908485413,0.2333875298500061,8.387788772583008,52,0,,,,,,,,,,,,,,,
118,1.2310686111450195,0.7607883810997009,38.97014236450195,53,0,,,,,,,,,,,,,,,
119,0.9606597423553467,0.6368752717971802,18.408855438232422,54,0,,,,,,,,,,,,,,,
120,1.7390544414520264,0.9294832944869995,43.3036003112793,55,0,,,,,,,,,,,,,,,
121,0.21243759989738464,0.29435020685195923,3.108814239501953,56,0,,,,,,,,,,,,,,,
122,0.2966553866863251,0.31707221269607544,6.232137680053711,57,0,,,,,,,,,,,,,,,
123,0.5400910973548889,0.43059369921684265,18.680335998535156,58,0,,,,,,,,,,,,,,,
124,1.5732671022415161,0.8762084245681763,37.08745574951172,59,0,,,,,,,,,,,,,,,
125,0.28657102584838867,0.3123313784599304,9.086698532104492,60,0,,,,,,,,,,,,,,,
126,2.141873836517334,1.0436619520187378,49.3434944152832,61,0,,,,,,,,,,,,,,,
127,0.39599400758743286,0.3590070605278015,14.488405227661133,62,0,,,,,,,,,,,,,,,
128,0.653273344039917,0.5044528841972351,22.90166473388672,63,0,,,,,,,,,,,,,,,
129,0.15758538246154785,0.25690895318984985,0.794549822807312,64,0,,,,,,,,,,,,,,,
130,0.16494864225387573,0.23629719018936157,4.084264755249023,65,0,,,,,,,,,,,,,,,
131,0.22470207512378693,0.3042272627353668,4.645077228546143,66,0,,,,,,,,,,,,,,,
132,0.24042826890945435,0.2896938920021057,3.427447557449341,67,0,,,,,,,,,,,,,,,
133,1.1018860340118408,0.7226368188858032,29.405378341674805,68,0,,,,,,,,,,,,,,,
134,0.461969256401062,0.3978021740913391,15.618569374084473,69,0,,,,,,,,,,,,,,,
135,0.36396753787994385,0.35720670223236084,18.583520889282227,70,0,,,,,,,,,,,,,,,
136,0.26734745502471924,0.2937038242816925,9.879886627197266,71,0,,,,,,,,,,,,,,,
137,0.6441569328308105,0.49468693137168884,21.050642013549805,72,0,,,,,,,,,,,,,,,
138,2.542746067047119,1.1081161499023438,42.15800094604492,73,0,,,,,,,,,,,,,,,
139,1.7305724620819092,0.9067675471305847,42.83932876586914,74,0,,,,,,,,,,,,,,,
140,0.582579493522644,0.4870552122592926,18.147048950195312,75,0,,,,,,,,,,,,,,,
141,1.6518113613128662,0.8808820247650146,34.84859085083008,76,0,,,,,,,,,,,,,,,
142,0.2921244204044342,0.3055105209350586,8.823918342590332,77,0,,,,,,,,,,,,,,,
143,0.16421709954738617,0.27516502141952515,3.148510694503784,78,0,,,,,,,,,,,,,,,
144,0.3046291470527649,0.3232927620410919,4.077274322509766,79,0,,,,,,,,,,,,,,,
145,0.1592874377965927,0.2480292022228241,7.1712775230407715,80,0,,,,,,,,,,,,,,,
146,1.0265090465545654,0.6558464169502258,28.367197036743164,81,0,,,,,,,,,,,,,,,
147,0.18709217011928558,0.23670578002929688,6.203965187072754,82,0,,,,,,,,,,,,,,,
148,0.32347720861434937,0.3693074584007263,13.239562034606934,83,0,,,,,,,,,,,,,,,
149,2.4425816535949707,1.1105692386627197,41.34469223022461,84,0,,,,,,,,,,,,,,,
150,4.942544937133789,1.7557260990142822,47.436195373535156,85,0,,,,,,,,,,,,,,,
151,0.4911915063858032,0.4286668002605438,11.934820175170898,86,0,,,,,,,,,,,,,,,
152,0.8516666889190674,0.6157590746879578,25.883594512939453,87,0,,,,,,,,,,,,,,,
153,0.20206332206726074,0.22931967675685883,8.983530044555664,88,0,,,,,,,,,,,,,,,
154,1.5309216976165771,0.8875574469566345,38.31776809692383,89,0,,,,,,,,,,,,,,,
155,1.0781865119934082,0.6703766584396362,30.70287322998047,90,0,,,,,,,,,,,,,,,
156,0.45350152254104614,0.39407283067703247,19.368152618408203,91,0,,,,,,,,,,,,,,,
157,0.22622716426849365,0.25534588098526,9.896008491516113,92,0,,,,,,,,,,,,,,,
158,0.38619303703308105,0.3823961615562439,18.074983596801758,93,0,,,,,,,,,,,,,,,
159,0.688583493232727,0.48929470777511597,21.119861602783203,94,0,,,,,,,,,,,,,,,
160,0.8007616400718689,0.5619457960128784,24.77828025817871,95,0,,,,,,,,,,,,,,,
161,0.41016680002212524,0.3954893946647644,16.48602867126465,96,0,,,,,,,,,,,,,,,
162,0.20061084628105164,0.2759617269039154,8.421976089477539,97,0,,,,,,,,,,,,,,,
163,0.5057612657546997,0.43081068992614746,16.274513244628906,98,0,,,,,,,,,,,,,,,
164,0.19739431142807007,0.26941466331481934,5.603734970092773,99,0,,,,,,,,,,,,,,,
165,0.5563929080963135,0.4489530026912689,23.660953521728516,100,0,,,,,,,,,,,,,,,
166,0.9135657548904419,0.6082927584648132,27.797391891479492,101,0,,,,,,,,,,,,,,,
167,0.15524038672447205,0.2586960196495056,4.7061638832092285,102,0,,,,,,,,,,,,,,,
168,2.0179758071899414,0.9810033440589905,34.699501037597656,103,0,,,,,,,,,,,,,,,
169,0.45750635862350464,0.3973310887813568,16.65983009338379,104,0,,,,,,,,,,,,,,,
170,0.4414529800415039,0.44765546917915344,17.60428810119629,105,0,,,,,,,,,,,,,,,
171,0.2557780146598816,0.2795954942703247,3.606992483139038,106,0,,,,,,,,,,,,,,,
172,0.16647940874099731,0.25813180208206177,6.440319061279297,107,0,,,,,,,,,,,,,,,
173,0.6452804207801819,0.517674446105957,15.545478820800781,108,0,,,,,,,,,,,,,,,
174,0.7385182976722717,0.5377918481826782,20.290573120117188,109,0,,,,,,,,,,,,,,,
175,0.15583263337612152,0.2405906319618225,5.71624231338501,110,0,,,,,,,,,,,,,,,
176,1.4147700071334839,0.8084375858306885,30.504289627075195,111,0,,,,,,,,,,,,,,,
177,0.7604671120643616,0.56251460313797,22.248226165771484,112,0,,,,,,,,,,,,,,,
178,0.547667384147644,0.44004034996032715,15.385287284851074,113,0,,,,,,,,,,,,,,,
179,1.4302972555160522,0.7928484678268433,35.61886215209961,114,0,,,,,,,,,,,,,,,
180,0.16521772742271423,0.2755237817764282,2.159897804260254,115,0,,,,,,,,,,,,,,,
181,0.3218480348587036,0.3165660798549652,13.475898742675781,116,0,,,,,,,,,,,,,,,
182,0.5385940074920654,0.49706071615219116,23.406566619873047,117,0,,,,,,,,,,,,,,,
183,0.8951276540756226,0.6286817789077759,32.008689880371094,118,0,,,,,,,,,,,,,,,
184,0.2892938256263733,0.28371453285217285,12.491621017456055,119,0,,,,,,,,,,,,,,,
185,0.1582917422056198,0.21953970193862915,3.5747625827789307,120,0,,,,,,,,,,,,,,,
186,0.1857234686613083,0.28090232610702515,2.241137742996216,121,0,,,,,,,,,,,,,,,
187,0.525185227394104,0.4298662841320038,15.993117332458496,122,0,,,,,,,,,,,,,,,
188,0.13369086384773254,0.24941915273666382,1.6972301006317139,123,0,,,,,,,,,,,,,,,
189,0.15877607464790344,0.194699227809906,4.548768997192383,124,0,,,,,,,,,,,,,,,
190,0.5590150356292725,0.4369957447052002,23.43105697631836,125,0,,,,,,,,,,,,,,,
191,1.8393828868865967,0.9438178539276123,43.480106353759766,126,0,,,,,,,,,,,,,,,
192,0.11494814604520798,0.16497284173965454,4.522922515869141,127,0,,,,,,,,,,,,,,,
193,0.07520889490842819,0.17081135511398315,7.686909198760986,128,0,,,,,,,,,,,,,,,
194,0.13635927438735962,0.20954030752182007,8.368979454040527,129,0,,,,,,,,,,,,,,,
195,0.19706130027770996,0.30412739515304565,13.25033187866211,130,0,,,,,,,,,,,,,,,
196,1.7346221208572388,0.8797448873519897,43.120872497558594,131,0,,,,,,,,,,,,,,,
197,0.512797474861145,0.471484512090683,19.531646728515625,132,0,,,,,,,,,,,,,,,
198,0.1816469132900238,0.2507232427597046,5.544665336608887,133,0,,,,,,,,,,,,,,,
199,0.9686994552612305,0.6206018328666687,28.210908889770508,134,0,,,,,,,,,,,,,,,
200,0.36931848526000977,0.355570524930954,15.490568161010742,135,0,,,,,,,,,,,,,,,
201,2.2819714546203613,1.1156234741210938,45.35604476928711,136,0,,,,,,,,,,,,,,,
202,0.4905487298965454,0.414311945438385,15.612197875976562,137,0,,,,,,,,,,,,,,,
203,0.7663602232933044,0.5788459777832031,27.044981002807617,138,0,,,,,,,,,,,,,,,
204,0.07147473096847534,0.17986498773097992,6.742041110992432,139,0,,,,,,,,,,,,,,,
205,2.0232205390930176,0.9931586980819702,53.88811492919922,140,0,,,,,,,,,,,,,,,
206,1.7975419759750366,0.9700782299041748,37.73789978027344,141,0,,,,,,,,,,,,,,,
207,0.4819256663322449,0.4099295735359192,19.073612213134766,142,0,,,,,,,,,,,,,,,
208,0.47547799348831177,0.4594113826751709,20.5872745513916,143,0,,,,,,,,,,,,,,,
209,2.0276482105255127,1.039768934249878,50.78829574584961,144,0,,,,,,,,,,,,,,,
210,2.7116055488586426,1.1415400505065918,40.23040771484375,145,0,,,,,,,,,,,,,,,
211,0.12155302613973618,0.2190905213356018,2.7503244876861572,146,0,,,,,,,,,,,,,,,
212,0.42308279871940613,0.3936809003353119,11.934860229492188,147,0,,,,,,,,,,,,,,,
213,0.10229833424091339,0.20642125606536865,4.627974033355713,148,0,,,,,,,,,,,,,,,
214,0.15353229641914368,0.2545201778411865,2.0756278038024902,149,0,,,,,,,,,,,,,,,
215,0.9321353435516357,0.6792910099029541,27.001985549926758,150,0,,,,,,,,,,,,,,,
216,0.9521756172180176,0.676986038684845,32.25526428222656,151,0,,,,,,,,,,,,,,,
217,1.4341773986816406,0.8182921409606934,31.01393699645996,152,0,,,,,,,,,,,,,,,
218,0.7892588376998901,0.6248840093612671,23.270910263061523,153,0,,,,,,,,,,,,,,,
219,1.521674394607544,0.8607693910598755,40.95200729370117,154,0,,,,,,,,,,,,,,,
220,3.2147159576416016,1.2836164236068726,53.62765884399414,155,0,,,,,,,,,,,,,,,
221,0.525314211845398,0.43414556980133057,20.2323055267334,156,0,,,,,,,,,,,,,,,
222,0.14425182342529297,0.21534258127212524,2.5044896602630615,157,0,,,,,,,,,,,,,,,
223,0.2507610023021698,0.23817682266235352,7.285693168640137,158,0,,,,,,,,,,,,,,,
224,0.1073027029633522,0.15282750129699707,3.4666569232940674,159,0,,,,,,,,,,,,,,,
225,0.746786892414093,0.5769002437591553,22.444570541381836,160,0,,,,,,,,,,,,,,,
226,0.7372642755508423,0.537148654460907,26.473648071289062,161,0,,,,,,,,,,,,,,,
227,0.6988823413848877,0.4993123412132263,19.882863998413086,162,0,,,,,,,,,,,,,,,
228,0.607721209526062,0.5203801989555359,27.318038940429688,163,0,,,,,,,,,,,,,,,
229,0.15104225277900696,0.18749326467514038,4.974546909332275,164,0,,,,,,,,,,,,,,,
230,0.2609633207321167,0.3271268308162689,11.744000434875488,165,0,,,,,,,,,,,,,,,
231,0.7236593961715698,0.5406643748283386,25.88707160949707,166,0,,,,,,,,,,,,,,,
232,0.16199317574501038,0.28247618675231934,6.3504958152771,167,0,,,,,,,,,,,,,,,
233,0.37490731477737427,0.37167888879776,13.659810066223145,168,0,,,,,,,,,,,,,,,
234,1.116202712059021,0.7124319076538086,29.79368019104004,169,0,,,,,,,,,,,,,,,
235,0.23418551683425903,0.21709665656089783,9.355208396911621,170,0,,,,,,,,,,,,,,,
236,1.067753791809082,0.7240701913833618,29.13439178466797,171,0,,,,,,,,,,,,,,,
237,0.8379207253456116,0.5939590334892273,27.9896183013916,172,0,,,,,,,,,,,,,,,
238,3.368476390838623,1.3848665952682495,46.50175476074219,173,0,,,,,,,,,,,,,,,
239,0.8846325874328613,0.6547148823738098,29.072446823120117,174,0,,,,,,,,,,,,,,,
240,0.19877955317497253,0.196094810962677,10.081265449523926,175,0,,,,,,,,,,,,,,,
241,0.18455803394317627,0.2175578474998474,7.658270835876465,176,0,,,,,,,,,,,,,,,
242,3.4111785888671875,1.3156167268753052,41.08012008666992,177,0,,,,,,,,,,,,,,,
242,,,,,,-10.968401581805688,242,-10.968401581805688,242,242,177,242,3.78125,0.1315984181943147,0.0,-11.100000000000001,0.0,0.0,-10.968401581805688,1.0
243,0.7980620265007019,0.6255781054496765,25.375770568847656,178,0,,,,,,,,,,,,,,,
244,0.981681227684021,0.6461448669433594,27.87884521484375,179,0,,,,,,,,,,,,,,,
245,0.24562208354473114,0.2979815602302551,6.769606590270996,180,0,,,,,,,,,,,,,,,
246,0.5267425775527954,0.5093920230865479,23.825639724731445,181,0,,,,,,,,,,,,,,,
247,1.1740741729736328,0.7208238244056702,29.98442268371582,182,0,,,,,,,,,,,,,,,
248,0.12939132750034332,0.17116162180900574,3.5364949703216553,183,0,,,,,,,,,,,,,,,
249,0.10296769440174103,0.19082209467887878,2.950650691986084,184,0,,,,,,,,,,,,,,,
250,0.5087327361106873,0.47128918766975403,18.259727478027344,185,0,,,,,,,,,,,,,,,
251,1.0927915573120117,0.7393866181373596,30.212417602539062,186,0,,,,,,,,,,,,,,,
252,0.508739709854126,0.43929174542427063,17.26236343383789,187,0,,,,,,,,,,,,,,,
253,0.1492927223443985,0.26440125703811646,5.775861740112305,188,0,,,,,,,,,,,,,,,
254,0.18385368585586548,0.2922627925872803,6.148202896118164,189,0,,,,,,,,,,,,,,,
255,0.9223493337631226,0.6637244820594788,31.452299118041992,190,0,,,,,,,,,,,,,,,
256,0.5137050151824951,0.46311622858047485,19.780197143554688,191,0,,,,,,,,,,,,,,,
257,1.141136646270752,0.750979483127594,28.041431427001953,192,0,,,,,,,,,,,,,,,
258,1.3266862630844116,0.7344340085983276,35.59477615356445,193,0,,,,,,,,,,,,,,,
259,1.1449065208435059,0.7577958703041077,34.594181060791016,194,0,,,,,,,,,,,,,,,
260,1.820455551147461,0.9384423494338989,51.67197036743164,195,0,,,,,,,,,,,,,,,
261,0.12593214213848114,0.21225368976593018,1.3141742944717407,196,0,,,,,,,,,,,,,,,
262,0.13590870797634125,0.20473860204219818,2.939424753189087,197,0,,,,,,,,,,,,,,,
263,0.5118484497070312,0.4731293320655823,22.742677688598633,198,0,,,,,,,,,,,,,,,
264,1.6573846340179443,0.9076783657073975,36.18575668334961,199,0,,,,,,,,,,,,,,,
265,1.4422043561935425,0.819460928440094,42.406494140625,200,0,,,,,,,,,,,,,,,
266,0.050413645803928375,0.10797879099845886,3.4222824573516846,201,0,,,,,,,,,,,,,,,
267,0.2107958048582077,0.2255583554506302,7.809247970581055,202,0,,,,,,,,,,,,,,,
268,0.8759737014770508,0.6536203622817993,23.21246910095215,203,0,,,,,,,,,,,,,,,
269,0.9880101680755615,0.6462805271148682,25.8294734954834,204,0,,,,,,,,,,,,,,,
270,2.0514938831329346,1.0325798988342285,36.35710906982422,205,0,,,,,,,,,,,,,,,
271,0.957308292388916,0.6636173725128174,21.50221061706543,206,0,,,,,,,,,,,,,,,
272,0.5711705684661865,0.5152974724769592,19.75299835205078,207,0,,,,,,,,,,,,,,,
273,1.5461082458496094,0.9444600939750671,27.239242553710938,208,0,,,,,,,,,,,,,,,
274,0.3393864333629608,0.3222842812538147,10.908838272094727,209,0,,,,,,,,,,,,,,,
275,0.33982154726982117,0.33356255292892456,10.282933235168457,210,0,,,,,,,,,,,,,,,
276,3.589651107788086,1.4275091886520386,44.28376770019531,211,0,,,,,,,,,,,,,,,
277,2.9652674198150635,1.2260644435882568,43.42976760864258,212,0,,,,,,,,,,,,,,,
278,0.18040907382965088,0.26451367139816284,5.461749076843262,213,0,,,,,,,,,,,,,,,
279,1.3089501857757568,0.8169325590133667,34.850894927978516,214,0,,,,,,,,,,,,,,,
280,0.8429394960403442,0.5912998914718628,25.2598934173584,215,0,,,,,,,,,,,,,,,
281,0.6031002998352051,0.4907078742980957,19.37303924560547,216,0,,,,,,,,,,,,,,,
282,0.6297820806503296,0.5209299325942993,21.050622940063477,217,0,,,,,,,,,,,,,,,
283,1.0978224277496338,0.6678346395492554,29.684247970581055,218,0,,,,,,,,,,,,,,,
284,1.2266154289245605,0.7440671324729919,26.576440811157227,219,0,,,,,,,,,,,,,,,
285,0.4530039429664612,0.4187685251235962,13.589810371398926,220,0,,,,,,,,,,,,,,,
286,0.4014629125595093,0.3714653253555298,17.480079650878906,221,0,,,,,,,,,,,,,,,
287,1.8002713918685913,0.9271558523178101,39.393775939941406,222,0,,,,,,,,,,,,,,,
288,1.184935450553894,0.7827271819114685,37.46491241455078,223,0,,,,,,,,,,,,,,,
289,1.6674292087554932,0.9294629693031311,36.81309127807617,224,0,,,,,,,,,,,,,,,
290,0.15833398699760437,0.19125503301620483,5.200478553771973,225,0,,,,,,,,,,,,,,,
291,0.19541093707084656,0.3126585781574249,9.310738563537598,226,0,,,,,,,,,,,,,,,
292,0.18244895339012146,0.2994711399078369,14.042820930480957,227,0,,,,,,,,,,,,,,,
293,1.4130146503448486,0.8694275617599487,34.23474884033203,228,0,,,,,,,,,,,,,,,
294,0.898912787437439,0.6085097789764404,21.773326873779297,229,0,,,,,,,,,,,,,,,
295,0.18619856238365173,0.19962766766548157,6.359963417053223,230,0,,,,,,,,,,,,,,,
296,0.5790656208992004,0.5475195050239563,21.1378116607666,231,0,,,,,,,,,,,,,,,
297,0.13369399309158325,0.22728806734085083,7.5441436767578125,232,0,,,,,,,,,,,,,,,
298,0.25258970260620117,0.26485735177993774,11.272565841674805,233,0,,,,,,,,,,,,,,,
299,2.4088830947875977,1.0827215909957886,33.20139694213867,234,0,,,,,,,,,,,,,,,
300,0.47851455211639404,0.44018641114234924,17.024612426757812,235,0,,,,,,,,,,,,,,,
301,0.46036362648010254,0.413527250289917,20.769256591796875,236,0,,,,,,,,,,,,,,,
302,2.33481764793396,1.064244031906128,42.36097717285156,237,0,,,,,,,,,,,,,,,
303,1.4007394313812256,0.836051881313324,32.53913879394531,238,0,,,,,,,,,,,,,,,
304,1.6474956274032593,0.93731290102005,37.895790100097656,239,0,,,,,,,,,,,,,,,
305,0.5628509521484375,0.4625028669834137,19.157424926757812,240,0,,,,,,,,,,,,,,,
306,1.37875497341156,0.7879205942153931,34.574153900146484,241,0,,,,,,,,,,,,,,,
307,0.11389967799186707,0.1727759838104248,3.344494342803955,242,0,,,,,,,,,,,,,,,
308,0.20007869601249695,0.31571072340011597,12.707931518554688,243,0,,,,,,,,,,,,,,,
309,0.02393367886543274,0.09904571622610092,2.9319050312042236,244,0,,,,,,,,,,,,,,,
310,1.4313613176345825,0.8459110260009766,38.573429107666016,245,0,,,,,,,,,,,,,,,
311,0.3765144944190979,0.39857804775238037,19.07271957397461,246,0,,,,,,,,,,,,,,,
312,1.7894923686981201,0.9226252436637878,38.78204345703125,247,0,,,,,,,,,,,,,,,
313,0.6825857758522034,0.5744230151176453,23.393163681030273,248,0,,,,,,,,,,,,,,,
314,1.677869439125061,0.780868649482727,28.822296142578125,249,0,,,,,,,,,,,,,,,
315,1.35329008102417,0.7939791679382324,30.809288024902344,250,0,,,,,,,,,,,,,,,
316,1.165043592453003,0.7157475352287292,35.76836395263672,251,0,,,,,,,,,,,,,,,
317,0.40608328580856323,0.38563236594200134,14.510449409484863,252,0,,,,,,,,,,,,,,,
318,1.0803635120391846,0.6707010269165039,27.009628295898438,253,0,,,,,,,,,,,,,,,
319,0.6058131456375122,0.48869556188583374,15.844290733337402,254,0,,,,,,,,,,,,,,,
320,0.5890686511993408,0.454542875289917,22.587060928344727,255,0,,,,,,,,,,,,,,,
321,2.575474739074707,1.1700222492218018,35.390342712402344,256,0,,,,,,,,,,,,,,,
322,0.6337721943855286,0.5434864163398743,21.35154151916504,257,0,,,,,,,,,,,,,,,
323,1.7859506607055664,0.9629672765731812,33.0729866027832,258,0,,,,,,,,,,,,,,,
324,0.6823115348815918,0.4747548997402191,14.681583404541016,259,0,,,,,,,,,,,,,,,
325,3.9444851875305176,1.493842601776123,40.02763748168945,260,0,,,,,,,,,,,,,,,
326,0.20358684659004211,0.28115910291671753,8.268342971801758,261,0,,,,,,,,,,,,,,,
327,0.09590417146682739,0.19792649149894714,8.758095741271973,262,0,,,,,,,,,,,,,,,
328,1.0143795013427734,0.6810536980628967,24.169553756713867,263,0,,,,,,,,,,,,,,,
329,0.45308002829551697,0.4835081696510315,19.253673553466797,264,0,,,,,,,,,,,,,,,
330,0.19291242957115173,0.2574510872364044,8.195653915405273,265,0,,,,,,,,,,,,,,,
331,0.2059168517589569,0.33197081089019775,9.29326057434082,266,0,,,,,,,,,,,,,,,
332,0.567693829536438,0.46213677525520325,12.0822172164917,267,0,,,,,,,,,,,,,,,
333,0.39651376008987427,0.3549141585826874,16.05965232849121,268,0,,,,,,,,,,,,,,,
334,1.1087827682495117,0.7411858439445496,29.56377601623535,269,0,,,,,,,,,,,,,,,
335,0.3630777597427368,0.43662163615226746,14.291193008422852,270,0,,,,,,,,,,,,,,,
336,0.1823716014623642,0.2976277470588684,12.012092590332031,271,0,,,,,,,,,,,,,,,
337,0.7000176906585693,0.5413945913314819,19.183530807495117,272,0,,,,,,,,,,,,,,,
338,1.1596202850341797,0.7180522680282593,28.696165084838867,273,0,,,,,,,,,,,,,,,
339,0.7810174822807312,0.5759282112121582,20.186738967895508,274,0,,,,,,,,,,,,,,,
340,1.978723406791687,0.9625917673110962,39.41796112060547,275,0,,,,,,,,,,,,,,,
341,0.15476438403129578,0.22837406396865845,7.116121768951416,276,0,,,,,,,,,,,,,,,
342,0.18298035860061646,0.2463359236717224,7.114528656005859,277,0,,,,,,,,,,,,,,,
343,1.4445143938064575,0.8423281908035278,26.836496353149414,278,0,,,,,,,,,,,,,,,
344,0.23777446150779724,0.32355135679244995,12.390199661254883,279,0,,,,,,,,,,,,,,,
345,1.0984514951705933,0.7187747955322266,24.622386932373047,280,0,,,,,,,,,,,,,,,
346,0.019631169736385345,0.08627869933843613,1.9139084815979004,281,0,,,,,,,,,,,,,,,
347,0.6024938225746155,0.5421157479286194,26.526220321655273,282,0,,,,,,,,,,,,,,,
348,1.4260910749435425,0.7634358406066895,33.853031158447266,283,0,,,,,,,,,,,,,,,
349,0.3326723575592041,0.3843844532966614,14.9430570602417,284,0,,,,,,,,,,,,,,,
350,1.1099926233291626,0.7093426585197449,22.591413497924805,285,0,,,,,,,,,,,,,,,
351,0.20062997937202454,0.3083273768424988,7.845978260040283,286,0,,,,,,,,,,,,,,,
352,0.14582866430282593,0.2659927308559418,10.521635055541992,287,0,,,,,,,,,,,,,,,
353,2.7186279296875,1.1201848983764648,43.113189697265625,288,0,,,,,,,,,,,,,,,
354,0.8073470592498779,0.5788072943687439,20.366886138916016,289,0,,,,,,,,,,,,,,,
355,0.4625833332538605,0.5026283264160156,16.772443771362305,290,0,,,,,,,,,,,,,,,
356,2.5292792320251465,1.2048544883728027,46.202823638916016,291,0,,,,,,,,,,,,,,,
357,0.8423334360122681,0.5981304049491882,28.410301208496094,292,0,,,,,,,,,,,,,,,
358,0.783360481262207,0.56972336769104,22.931922912597656,293,0,,,,,,,,,,,,,,,
359,0.6059532165527344,0.5346331596374512,25.332185745239258,294,0,,,,,,,,,,,,,,,
360,0.6956434845924377,0.557297945022583,20.93788719177246,295,0,,,,,,,,,,,,,,,
361,1.059388518333435,0.6513553857803345,20.151256561279297,296,0,,,,,,,,,,,,,,,
362,0.767376184463501,0.46488648653030396,14.772239685058594,297,0,,,,,,,,,,,,,,,
363,0.3149106502532959,0.36354219913482666,11.674514770507812,298,0,,,,,,,,,,,,,,,
364,0.5847035646438599,0.4858067035675049,19.582626342773438,299,0,,,,,,,,,,,,,,,
365,0.10390859097242355,0.1869511753320694,2.5591466426849365,300,0,,,,,,,,,,,,,,,
366,1.754645824432373,0.9619045257568359,34.839717864990234,301,0,,,,,,,,,,,,,,,
367,0.3415568470954895,0.34066012501716614,9.812788009643555,302,0,,,,,,,,,,,,,,,
368,2.07755708694458,1.0018997192382812,39.033809661865234,303,0,,,,,,,,,,,,,,,
369,2.120668411254883,1.0135502815246582,34.421443939208984,304,0,,,,,,,,,,,,,,,
370,0.12301000952720642,0.22847026586532593,4.164036750793457,305,0,,,,,,,,,,,,,,,
371,0.1428798884153366,0.2248433381319046,6.300236225128174,306,0,,,,,,,,,,,,,,,
372,0.8972155451774597,0.5971779823303223,19.723011016845703,307,0,,,,,,,,,,,,,,,
373,0.2627669870853424,0.3367885649204254,11.303337097167969,308,0,,,,,,,,,,,,,,,
374,0.46973031759262085,0.42723050713539124,23.352914810180664,309,0,,,,,,,,,,,,,,,
375,0.38597095012664795,0.3774484097957611,14.143058776855469,310,0,,,,,,,,,,,,,,,
376,0.28247547149658203,0.32361358404159546,9.101431846618652,311,0,,,,,,,,,,,,,,,
377,0.31573688983917236,0.400799036026001,17.510581970214844,312,0,,,,,,,,,,,,,,,
378,0.5197359323501587,0.4323766827583313,15.08218765258789,313,0,,,,,,,,,,,,,,,
379,0.020854607224464417,0.08729879558086395,1.0316137075424194,314,0,,,,,,,,,,,,,,,
380,0.029616691172122955,0.10527393966913223,1.365375280380249,315,0,,,,,,,,,,,,,,,
381,1.847430944442749,0.9711260795593262,39.813167572021484,316,0,,,,,,,,,,,,,,,
382,0.3344305455684662,0.4013243317604065,8.14062213897705,317,0,,,,,,,,,,,,,,,
383,0.13707222044467926,0.20878548920154572,4.971919059753418,318,0,,,,,,,,,,,,,,,
384,0.3561336100101471,0.37231701612472534,12.039389610290527,319,0,,,,,,,,,,,,,,,
385,0.3373081386089325,0.33623602986335754,12.506162643432617,320,0,,,,,,,,,,,,,,,
386,0.4306052327156067,0.4482663571834564,15.61561393737793,321,0,,,,,,,,,,,,,,,
387,0.9269735217094421,0.6214483380317688,24.613813400268555,322,0,,,,,,,,,,,,,,,
388,0.07874373346567154,0.17446374893188477,2.617760181427002,323,0,,,,,,,,,,,,,,,
389,0.15806904435157776,0.25758546590805054,4.1665167808532715,324,0,,,,,,,,,,,,,,,
390,0.1694934070110321,0.2943471074104309,10.312451362609863,325,0,,,,,,,,,,,,,,,
391,1.5990242958068848,0.8451351523399353,22.116596221923828,326,0,,,,,,,,,,,,,,,
392,0.6818763613700867,0.5436627864837646,24.376379013061523,327,0,,,,,,,,,,,,,,,
393,1.4088510274887085,0.828457236289978,27.58244514465332,328,0,,,,,,,,,,,,,,,
394,1.2900192737579346,0.8197435140609741,29.090492248535156,329,0,,,,,,,,,,,,,,,
395,0.5493424534797668,0.5018231868743896,21.770795822143555,330,0,,,,,,,,,,,,,,,
396,0.6699883937835693,0.5362516045570374,17.690120697021484,331,0,,,,,,,,,,,,,,,
397,0.15160244703292847,0.248430997133255,5.232118129730225,332,0,,,,,,,,,,,,,,,
398,0.9939655065536499,0.6812766790390015,21.269502639770508,333,0,,,,,,,,,,,,,,,
399,0.7807959318161011,0.5755802392959595,13.421377182006836,334,0,,,,,,,,,,,,,,,
400,1.5369164943695068,0.9106611013412476,28.54681396484375,335,0,,,,,,,,,,,,,,,
401,2.2465620040893555,1.1126494407653809,30.374343872070312,336,0,,,,,,,,,,,,,,,
402,0.02391292154788971,0.09803049266338348,1.8807865381240845,337,0,,,,,,,,,,,,,,,
403,0.5919034481048584,0.538915753364563,13.31001091003418,338,0,,,,,,,,,,,,,,,
404,0.2685646414756775,0.30310672521591187,4.42379903793335,339,0,,,,,,,,,,,,,,,
405,0.2531052827835083,0.27211683988571167,9.606118202209473,340,0,,,,,,,,,,,,,,,
406,1.7780275344848633,0.9234200716018677,37.40699005126953,341,0,,,,,,,,,,,,,,,
407,0.6172313690185547,0.5457676649093628,21.12526512145996,342,0,,,,,,,,,,,,,,,
408,0.46395766735076904,0.45676499605178833,17.403358459472656,343,0,,,,,,,,,,,,,,,
409,1.6036603450775146,0.8894690275192261,35.76011657714844,344,0,,,,,,,,,,,,,,,
410,0.5434345602989197,0.48243415355682373,19.593969345092773,345,0,,,,,,,,,,,,,,,
411,2.193894863128662,1.0607330799102783,36.2723503112793,346,0,,,,,,,,,,,,,,,
412,1.2178053855895996,0.7626488208770752,26.349573135375977,347,0,,,,,,,,,,,,,,,
413,1.6955692768096924,0.9239801168441772,36.60834503173828,348,0,,,,,,,,,,,,,,,
414,2.428684711456299,1.0805882215499878,27.63101577758789,349,0,,,,,,,,,,,,,,,
415,0.3487941026687622,0.36301329731941223,12.640103340148926,350,0,,,,,,,,,,,,,,,
416,0.19677408039569855,0.2615373134613037,8.970060348510742,351,0,,,,,,,,,,,,,,,
417,0.06053436920046806,0.14969545602798462,3.3241522312164307,352,0,,,,,,,,,,,,,,,
418,2.73635196685791,1.2396509647369385,33.38812255859375,353,0,,,,,,,,,,,,,,,
419,0.3403480648994446,0.3397468626499176,10.775894165039062,354,0,,,,,,,,,,,,,,,
420,1.7001888751983643,0.9096084833145142,27.70515251159668,355,0,,,,,,,,,,,,,,,
421,0.41587427258491516,0.37270548939704895,14.319239616394043,356,0,,,,,,,,,,,,,,,
422,1.324859380722046,0.8064373731613159,24.64735984802246,357,0,,,,,,,,,,,,,,,
423,0.34863293170928955,0.384161114692688,14.967131614685059,358,0,,,,,,,,,,,,,,,
424,0.7663580179214478,0.63139808177948,20.253137588500977,359,0,,,,,,,,,,,,,,,
425,1.148066759109497,0.5748722553253174,14.737105369567871,360,0,,,,,,,,,,,,,,,
426,0.16506776213645935,0.28213489055633545,10.670573234558105,361,0,,,,,,,,,,,,,,,
427,3.270326614379883,1.3946924209594727,46.096004486083984,362,0,,,,,,,,,,,,,,,
428,0.2265276461839676,0.3410781919956207,16.82260513305664,363,0,,,,,,,,,,,,,,,
429,0.1135009378194809,0.20638981461524963,7.687758445739746,364,0,,,,,,,,,,,,,,,
430,0.28209179639816284,0.36146974563598633,14.883124351501465,365,0,,,,,,,,,,,,,,,
431,1.2974958419799805,0.7491175532341003,27.807575225830078,366,0,,,,,,,,,,,,,,,
432,0.1710209995508194,0.28375566005706787,10.793354034423828,367,0,,,,,,,,,,,,,,,
433,0.13892203569412231,0.22619633376598358,2.0856258869171143,368,0,,,,,,,,,,,,,,,
434,0.8715424537658691,0.5541080832481384,15.353879928588867,369,0,,,,,,,,,,,,,,,
435,0.6633343696594238,0.5486457943916321,28.507272720336914,370,0,,,,,,,,,,,,,,,
436,1.9737610816955566,1.0405981540679932,34.53163146972656,371,0,,,,,,,,,,,,,,,
437,0.3373187482357025,0.3765203654766083,13.639970779418945,372,0,,,,,,,,,,,,,,,
438,0.5429347157478333,0.4747951030731201,16.189626693725586,373,0,,,,,,,,,,,,,,,
439,0.9422606229782104,0.6689324975013733,19.748271942138672,374,0,,,,,,,,,,,,,,,
440,1.9498862028121948,0.9999384880065918,38.80774688720703,375,0,,,,,,,,,,,,,,,
441,0.7296005487442017,0.6228295564651489,18.705326080322266,376,0,,,,,,,,,,,,,,,
442,1.415689468383789,0.7805633544921875,22.809532165527344,377,0,,,,,,,,,,,,,,,
443,0.13296937942504883,0.19708234071731567,5.412627220153809,378,0,,,,,,,,,,,,,,,
444,0.13657556474208832,0.2307700216770172,5.178399085998535,379,0,,,,,,,,,,,,,,,
445,0.22060568630695343,0.27880561351776123,7.557968616485596,380,0,,,,,,,,,,,,,,,
446,1.5646374225616455,0.8047654628753662,27.146196365356445,381,0,,,,,,,,,,,,,,,
447,0.15674835443496704,0.24394915997982025,4.574128150939941,382,0,,,,,,,,,,,,,,,
448,0.9797267317771912,0.6807085871696472,24.378971099853516,383,0,,,,,,,,,,,,,,,
449,0.8059275150299072,0.5886608362197876,22.363636016845703,384,0,,,,,,,,,,,,,,,
450,1.2965891361236572,0.7798738479614258,35.254852294921875,385,0,,,,,,,,,,,,,,,
451,1.9711164236068726,0.9999539256095886,34.730247497558594,386,0,,,,,,,,,,,,,,,
452,0.30087870359420776,0.39012378454208374,13.84438419342041,387,0,,,,,,,,,,,,,,,
453,0.2824441194534302,0.32770419120788574,13.983564376831055,388,0,,,,,,,,,,,,,,,
454,0.055355727672576904,0.13433100283145905,4.312703609466553,389,0,,,,,,,,,,,,,,,
455,0.9542596340179443,0.6189092397689819,19.19539451599121,390,0,,,,,,,,,,,,,,,
456,3.45888614654541,1.3671724796295166,51.81378173828125,391,0,,,,,,,,,,,,,,,
457,2.4390456676483154,1.1237094402313232,42.827110290527344,392,0,,,,,,,,,,,,,,,
458,1.044719934463501,0.6413423418998718,18.354345321655273,393,0,,,,,,,,,,,,,,,
459,1.0827445983886719,0.6485263109207153,22.953964233398438,394,0,,,,,,,,,,,,,,,
460,0.5464838147163391,0.47121331095695496,17.083585739135742,395,0,,,,,,,,,,,,,,,
461,0.31853270530700684,0.3158125877380371,9.544173240661621,396,0,,,,,,,,,,,,,,,
462,1.8258178234100342,0.9489765763282776,31.273714065551758,397,0,,,,,,,,,,,,,,,
463,0.37473157048225403,0.41995832324028015,14.673347473144531,398,0,,,,,,,,,,,,,,,
464,0.962202250957489,0.6506138443946838,31.104354858398438,399,0,,,,,,,,,,,,,,,
465,0.620521068572998,0.5140131711959839,18.190027236938477,400,0,,,,,,,,,,,,,,,
466,0.18508997559547424,0.25606095790863037,6.954967021942139,401,0,,,,,,,,,,,,,,,
467,0.32642799615859985,0.36009830236434937,12.519359588623047,402,0,,,,,,,,,,,,,,,
468,0.2988942265510559,0.3110768795013428,9.466080665588379,403,0,,,,,,,,,,,,,,,
469,1.2727601528167725,0.7812756896018982,26.249753952026367,404,0,,,,,,,,,,,,,,,
470,0.18566100299358368,0.25059884786605835,7.598594665527344,405,0,,,,,,,,,,,,,,,
471,1.104060173034668,0.6875731945037842,24.31130027770996,406,0,,,,,,,,,,,,,,,
472,0.7925335764884949,0.5632745027542114,20.64684295654297,407,0,,,,,,,,,,,,,,,
473,0.846550703048706,0.5511072874069214,23.929119110107422,408,0,,,,,,,,,,,,,,,
474,0.48501497507095337,0.4828606843948364,14.848060607910156,409,0,,,,,,,,,,,,,,,
475,0.9307702779769897,0.6767098307609558,22.609079360961914,410,0,,,,,,,,,,,,,,,
476,0.31590211391448975,0.3899547755718231,13.781998634338379,411,0,,,,,,,,,,,,,,,
477,1.1519322395324707,0.7310036420822144,29.80072784423828,412,0,,,,,,,,,,,,,,,
478,1.4200876951217651,0.8503095507621765,29.713748931884766,413,0,,,,,,,,,,,,,,,
479,0.7695270776748657,0.5830459594726562,17.968048095703125,414,0,,,,,,,,,,,,,,,
480,0.3059132695198059,0.3321160078048706,7.989679336547852,415,0,,,,,,,,,,,,,,,
481,0.9967641830444336,0.6228135228157043,18.18280029296875,416,0,,,,,,,,,,,,,,,
482,0.43198615312576294,0.4237600564956665,10.184138298034668,417,0,,,,,,,,,,,,,,,
483,0.18138447403907776,0.30909663438796997,9.894464492797852,418,0,,,,,,,,,,,,,,,
484,0.8265653252601624,0.6063903570175171,23.979541778564453,419,0,,,,,,,,,,,,,,,
485,2.684298276901245,1.2061430215835571,37.19219207763672,420,0,,,,,,,,,,,,,,,
486,0.45525437593460083,0.4481307864189148,12.265626907348633,421,0,,,,,,,,,,,,,,,
487,1.0261064767837524,0.6936960220336914,30.139442443847656,422,0,,,,,,,,,,,,,,,
487,,,,,,-10.90762108877431,245,-10.90762108877431,245,487,422,487,7.609375,0.09237891122569208,0.0,-11.000000000000002,0.0,0.0,-10.90762108877431,1.0
488,1.140740156173706,0.7447015047073364,27.692380905151367,423,0,,,,,,,,,,,,,,,
489,0.9381667375564575,0.6021009683609009,9.709315299987793,424,0,,,,,,,,,,,,,,,
490,1.1579158306121826,0.7331724762916565,23.816349029541016,425,0,,,,,,,,,,,,,,,
491,0.7133539319038391,0.560023307800293,23.967880249023438,426,0,,,,,,,,,,,,,,,
492,0.5548202991485596,0.5101238489151001,16.57424545288086,427,0,,,,,,,,,,,,,,,
493,0.41760092973709106,0.4003027677536011,10.90904426574707,428,0,,,,,,,,,,,,,,,
494,1.4975767135620117,0.7997559309005737,28.113611221313477,429,0,,,,,,,,,,,,,,,
495,0.42052435874938965,0.382971853017807,12.757563591003418,430,0,,,,,,,,,,,,,,,
496,0.07903816550970078,0.16937144100666046,1.4269808530807495,431,0,,,,,,,,,,,,,,,
497,0.7218824028968811,0.5886906385421753,20.096088409423828,432,0,,,,,,,,,,,,,,,
498,0.12606337666511536,0.22203131020069122,2.657083511352539,433,0,,,,,,,,,,,,,,,
499,0.2502304017543793,0.308544397354126,10.420710563659668,434,0,,,,,,,,,,,,,,,
500,0.2563537359237671,0.31348711252212524,9.026079177856445,435,0,,,,,,,,,,,,,,,
501,0.3760036826133728,0.41228753328323364,5.848435878753662,436,0,,,,,,,,,,,,,,,
502,0.5232561826705933,0.5129295587539673,16.25481414794922,437,0,,,,,,,,,,,,,,,
503,2.2945756912231445,1.1210793256759644,34.29142379760742,438,0,,,,,,,,,,,,,,,
504,0.5629347562789917,0.5040161609649658,24.596736907958984,439,0,,,,,,,,,,,,,,,
505,0.2949555516242981,0.3196750581264496,10.993823051452637,440,0,,,,,,,,,,,,,,,
506,0.7886558771133423,0.5777878761291504,22.288373947143555,441,0,,,,,,,,,,,,,,,
507,1.0381346940994263,0.6776435375213623,22.163490295410156,442,0,,,,,,,,,,,,,,,
508,0.15972784161567688,0.27857011556625366,7.188721656799316,443,0,,,,,,,,,,,,,,,
509,1.2222586870193481,0.7672591209411621,24.71274757385254,444,0,,,,,,,,,,,,,,,
510,0.3737281560897827,0.3691927194595337,12.764001846313477,445,0,,,,,,,,,,,,,,,
511,1.423741340637207,0.8537409901618958,43.84096145629883,446,0,,,,,,,,,,,,,,,
512,0.7439626455307007,0.6181724071502686,22.880203247070312,447,0,,,,,,,,,,,,,,,
513,0.42248353362083435,0.41214829683303833,13.08098316192627,448,0,,,,,,,,,,,,,,,
514,0.734135627746582,0.5585083961486816,16.436172485351562,449,0,,,,,,,,,,,,,,,
515,0.3875829577445984,0.37462007999420166,8.287330627441406,450,0,,,,,,,,,,,,,,,
516,0.9161098003387451,0.6849355697631836,20.2232666015625,451,0,,,,,,,,,,,,,,,
517,0.19924494624137878,0.31282839179039,7.144588947296143,452,0,,,,,,,,,,,,,,,
518,0.7465339303016663,0.5081126689910889,14.762175559997559,453,0,,,,,,,,,,,,,,,
519,0.21168524026870728,0.29348480701446533,7.728832244873047,454,0,,,,,,,,,,,,,,,
520,0.16600127518177032,0.2772461175918579,6.802689075469971,455,0,,,,,,,,,,,,,,,
521,0.33688321709632874,0.4129420220851898,13.41215705871582,456,0,,,,,,,,,,,,,,,
522,2.180873394012451,1.1106141805648804,44.87773132324219,457,0,,,,,,,,,,,,,,,
523,1.0842252969741821,0.7385314702987671,31.50563621520996,458,0,,,,,,,,,,,,,,,
524,0.4670761823654175,0.447279691696167,9.215638160705566,459,0,,,,,,,,,,,,,,,
525,0.3342973589897156,0.38157376646995544,7.250207901000977,460,0,,,,,,,,,,,,,,,
526,1.5275638103485107,0.8479160070419312,22.385086059570312,461,0,,,,,,,,,,,,,,,
527,0.3892229199409485,0.4343418478965759,19.333480834960938,462,0,,,,,,,,,,,,,,,
528,2.7655019760131836,1.2527079582214355,38.439456939697266,463,0,,,,,,,,,,,,,,,
529,0.46689268946647644,0.448310524225235,16.589223861694336,464,0,,,,,,,,,,,,,,,
530,0.5453289747238159,0.5337090492248535,20.00609588623047,465,0,,,,,,,,,,,,,,,
531,3.9397644996643066,1.5509599447250366,39.5633659362793,466,0,,,,,,,,,,,,,,,
532,0.34483009576797485,0.3535064458847046,10.010217666625977,467,0,,,,,,,,,,,,,,,
533,0.18296630680561066,0.24835433065891266,3.8281686305999756,468,0,,,,,,,,,,,,,,,
534,1.6503636837005615,0.9486117362976074,40.395973205566406,469,0,,,,,,,,,,,,,,,
535,0.1572054922580719,0.25066646933555603,4.720799446105957,470,0,,,,,,,,,,,,,,,
536,0.41374093294143677,0.4302264451980591,9.350645065307617,471,0,,,,,,,,,,,,,,,
537,0.8608947992324829,0.595468282699585,19.172544479370117,472,0,,,,,,,,,,,,,,,
538,0.14088338613510132,0.22284501791000366,2.6746222972869873,473,0,,,,,,,,,,,,,,,
539,0.657646894454956,0.49621257185935974,20.852506637573242,474,0,,,,,,,,,,,,,,,
540,0.8605936765670776,0.5763265490531921,10.867301940917969,475,0,,,,,,,,,,,,,,,
541,1.1682580709457397,0.7634055614471436,32.01007843017578,476,0,,,,,,,,,,,,,,,
542,0.46638670563697815,0.44598013162612915,13.239617347717285,477,0,,,,,,,,,,,,,,,
543,1.7880382537841797,0.9050700664520264,25.253910064697266,478,0,,,,,,,,,,,,,,,
544,2.235562324523926,1.0510841608047485,30.071516036987305,479,0,,,,,,,,,,,,,,,
545,1.4494949579238892,0.8302438259124756,31.693418502807617,480,0,,,,,,,,,,,,,,,
546,2.865428924560547,1.261529803276062,39.80613327026367,481,0,,,,,,,,,,,,,,,
547,0.09740611165761948,0.21086765825748444,3.3446571826934814,482,0,,,,,,,,,,,,,,,
548,2.3089210987091064,1.1024256944656372,41.41748046875,483,0,,,,,,,,,,,,,,,
549,2.292093276977539,1.0414049625396729,35.211490631103516,484,0,,,,,,,,,,,,,,,
550,1.396245002746582,0.7942288517951965,27.52623748779297,485,0,,,,,,,,,,,,,,,
551,1.1439189910888672,0.7232301235198975,17.74764633178711,486,0,,,,,,,,,,,,,,,
552,0.2797223627567291,0.3191729187965393,5.413501739501953,487,0,,,,,,,,,,,,,,,
553,0.21627360582351685,0.308100163936615,6.95251989364624,488,0,,,,,,,,,,,,,,,
554,2.2286229133605957,1.1137104034423828,35.89738082885742,489,0,,,,,,,,,,,,,,,
555,0.20648616552352905,0.2966846823692322,4.144931793212891,490,0,,,,,,,,,,,,,,,
556,1.6162705421447754,0.8847402334213257,24.11792755126953,491,0,,,,,,,,,,,,,,,
557,0.4071017801761627,0.4271332621574402,10.681928634643555,492,0,,,,,,,,,,,,,,,
558,1.1554532051086426,0.733494758605957,30.68697166442871,493,0,,,,,,,,,,,,,,,
559,0.8856178522109985,0.6196650862693787,19.365306854248047,494,0,,,,,,,,,,,,,,,
560,0.2784063518047333,0.33882972598075867,8.617225646972656,495,0,,,,,,,,,,,,,,,
561,0.7534451484680176,0.5853139758110046,22.96862030029297,496,0,,,,,,,,,,,,,,,
562,0.2227623164653778,0.29760974645614624,6.627233505249023,497,0,,,,,,,,,,,,,,,
563,1.3584423065185547,0.8192186951637268,29.54938316345215,498,0,,,,,,,,,,,,,,,
564,0.14367157220840454,0.24106165766716003,2.0592129230499268,499,0,,,,,,,,,,,,,,,
565,0.8826025724411011,0.5774261355400085,19.87021255493164,500,0,,,,,,,,,,,,,,,
566,1.2897567749023438,0.759412407875061,17.170433044433594,501,0,,,,,,,,,,,,,,,
567,0.36114948987960815,0.41875648498535156,21.17668342590332,502,0,,,,,,,,,,,,,,,
568,2.651765823364258,1.225451946258545,34.59695053100586,503,0,,,,,,,,,,,,,,,
569,0.7966799736022949,0.5825533270835876,17.229530334472656,504,0,,,,,,,,,,,,,,,
570,0.18127897381782532,0.2736055254936218,7.805294036865234,505,0,,,,,,,,,,,,,,,
571,2.0083277225494385,1.0308244228363037,41.370323181152344,506,0,,,,,,,,,,,,,,,
572,0.5113921165466309,0.4769856929779053,14.64766788482666,507,0,,,,,,,,,,,,,,,
573,0.6407308578491211,0.5291032791137695,20.402009963989258,508,0,,,,,,,,,,,,,,,
574,0.4573746919631958,0.48067352175712585,17.489410400390625,509,0,,,,,,,,,,,,,,,
575,0.5881012678146362,0.4934290647506714,23.157094955444336,510,0,,,,,,,,,,,,,,,
576,0.330389142036438,0.36994409561157227,14.586016654968262,511,0,,,,,,,,,,,,,,,
577,0.27643996477127075,0.35833051800727844,10.156328201293945,512,0,,,,,,,,,,,,,,,
578,0.12207940965890884,0.22838322818279266,2.823366165161133,513,0,,,,,,,,,,,,,,,
579,0.4929162263870239,0.44686996936798096,9.727336883544922,514,0,,,,,,,,,,,,,,,
580,0.49700501561164856,0.47691357135772705,12.462417602539062,515,0,,,,,,,,,,,,,,,
581,1.1059510707855225,0.6797623634338379,26.831623077392578,516,0,,,,,,,,,,,,,,,
582,0.5726472735404968,0.4570125341415405,10.10538387298584,517,0,,,,,,,,,,,,,,,
583,1.0320932865142822,0.6627434492111206,18.79096221923828,518,0,,,,,,,,,,,,,,,
584,0.17973096668720245,0.25179827213287354,5.107948303222656,519,0,,,,,,,,,,,,,,,
585,0.15011851489543915,0.22768613696098328,2.4418764114379883,520,0,,,,,,,,,,,,,,,
586,0.9665647745132446,0.6500200033187866,23.078222274780273,521,0,,,,,,,,,,,,,,,
587,0.32538366317749023,0.37236863374710083,12.592872619628906,522,0,,,,,,,,,,,,,,,
588,1.3988754749298096,0.7984473705291748,28.85262680053711,523,0,,,,,,,,,,,,,,,
589,0.5691038370132446,0.5095285177230835,20.4243106842041,524,0,,,,,,,,,,,,,,,
590,1.0426138639450073,0.7470602989196777,37.22342300415039,525,0,,,,,,,,,,,,,,,
591,1.1776537895202637,0.7303298711776733,29.971811294555664,526,0,,,,,,,,,,,,,,,
592,0.7095640301704407,0.6159425973892212,21.85553741455078,527,0,,,,,,,,,,,,,,,
593,0.9456214904785156,0.6323856115341187,25.094955444335938,528,0,,,,,,,,,,,,,,,
594,0.8667246103286743,0.6428805589675903,18.24093246459961,529,0,,,,,,,,,,,,,,,
595,0.5559699535369873,0.4810236096382141,11.845039367675781,530,0,,,,,,,,,,,,,,,
596,1.9325438737869263,0.967233419418335,26.049713134765625,531,0,,,,,,,,,,,,,,,
597,0.8671184778213501,0.6473963260650635,19.92221450805664,532,0,,,,,,,,,,,,,,,
598,0.5381667613983154,0.4930606186389923,12.183048248291016,533,0,,,,,,,,,,,,,,,
599,3.943160057067871,1.5031843185424805,56.17669677734375,534,0,,,,,,,,,,,,,,,
600,1.478226661682129,0.7785822153091431,21.42934226989746,535,0,,,,,,,,,,,,,,,
601,1.0972707271575928,0.7526537179946899,22.181550979614258,536,0,,,,,,,,,,,,,,,
602,1.0268961191177368,0.7120262384414673,26.484012603759766,537,0,,,,,,,,,,,,,,,
603,0.5858167409896851,0.53037428855896,11.801284790039062,538,0,,,,,,,,,,,,,,,
604,0.20796462893486023,0.2846885025501251,3.6763546466827393,539,0,,,,,,,,,,,,,,,
605,0.47121238708496094,0.4609454572200775,14.673948287963867,540,0,,,,,,,,,,,,,,,
606,0.3045046627521515,0.3336717486381531,12.029947280883789,541,0,,,,,,,,,,,,,,,
607,0.2244577556848526,0.33570659160614014,10.079952239990234,542,0,,,,,,,,,,,,,,,
608,1.7249515056610107,0.9594098329544067,33.9749641418457,543,0,,,,,,,,,,,,,,,
609,0.6089237928390503,0.571797251701355,19.49509620666504,544,0,,,,,,,,,,,,,,,
610,0.2807716131210327,0.35384035110473633,10.453521728515625,545,0,,,,,,,,,,,,,,,
611,0.21546155214309692,0.3043299913406372,5.7327189445495605,546,0,,,,,,,,,,,,,,,
612,0.7130022644996643,0.5279695987701416,20.218795776367188,547,0,,,,,,,,,,,,,,,
613,1.6232575178146362,0.819957971572876,20.441251754760742,548,0,,,,,,,,,,,,,,,
614,0.5390602350234985,0.4827825427055359,11.476664543151855,549,0,,,,,,,,,,,,,,,
615,0.14636743068695068,0.2602728605270386,4.06217622756958,550,0,,,,,,,,,,,,,,,
616,0.8633415102958679,0.6320846080780029,17.234996795654297,551,0,,,,,,,,,,,,,,,
617,0.5911259651184082,0.5242394804954529,13.67643928527832,552,0,,,,,,,,,,,,,,,
618,2.261329174041748,1.0786149501800537,35.92221450805664,553,0,,,,,,,,,,,,,,,
619,0.25746089220046997,0.35520195960998535,7.781810283660889,554,0,,,,,,,,,,,,,,,
620,0.24520331621170044,0.3353515565395355,9.254412651062012,555,0,,,,,,,,,,,,,,,
621,1.1444213390350342,0.7332752346992493,34.55921173095703,556,0,,,,,,,,,,,,,,,
622,0.8592526912689209,0.6401418447494507,20.99802589416504,557,0,,,,,,,,,,,,,,,
623,0.3362446427345276,0.3765549659729004,5.8017473220825195,558,0,,,,,,,,,,,,,,,
624,0.2270601987838745,0.3198586106300354,4.646362781524658,559,0,,,,,,,,,,,,,,,
625,1.4321645498275757,0.8682951927185059,24.941776275634766,560,0,,,,,,,,,,,,,,,
626,1.8248672485351562,0.9400599598884583,32.61136245727539,561,0,,,,,,,,,,,,,,,
627,0.08749840408563614,0.19205670058727264,3.038342237472534,562,0,,,,,,,,,,,,,,,
628,1.1215224266052246,0.7612863183021545,29.11205291748047,563,0,,,,,,,,,,,,,,,
629,0.5420633554458618,0.5012043714523315,20.8450984954834,564,0,,,,,,,,,,,,,,,
630,1.3738884925842285,0.7924349308013916,29.22195053100586,565,0,,,,,,,,,,,,,,,
631,1.0116102695465088,0.7528386116027832,21.311508178710938,566,0,,,,,,,,,,,,,,,
632,3.2802624702453613,1.357889175415039,38.00882339477539,567,0,,,,,,,,,,,,,,,
633,0.8996479511260986,0.6089584827423096,20.495807647705078,568,0,,,,,,,,,,,,,,,
634,1.0958480834960938,0.7198238372802734,25.408926010131836,569,0,,,,,,,,,,,,,,,
635,0.42906469106674194,0.41469982266426086,8.601127624511719,570,0,,,,,,,,,,,,,,,
636,1.8522310256958008,0.9804018139839172,34.00423049926758,571,0,,,,,,,,,,,,,,,
637,0.22350378334522247,0.34503644704818726,9.299510955810547,572,0,,,,,,,,,,,,,,,
638,1.2595505714416504,0.7837463617324829,20.72702407836914,573,0,,,,,,,,,,,,,,,
639,0.4257754981517792,0.40824654698371887,7.48728084564209,574,0,,,,,,,,,,,,,,,
640,0.9139322638511658,0.6549363732337952,20.185068130493164,575,0,,,,,,,,,,,,,,,
641,0.752236008644104,0.5458869934082031,19.57091522216797,576,0,,,,,,,,,,,,,,,
642,1.3932454586029053,0.8519389629364014,23.50414276123047,577,0,,,,,,,,,,,,,,,
643,0.1260806769132614,0.2127176821231842,2.54263973236084,578,0,,,,,,,,,,,,,,,
644,0.7316360473632812,0.5956937670707703,14.510866165161133,579,0,,,,,,,,,,,,,,,
645,0.4927138686180115,0.4654764235019684,15.136341094970703,580,0,,,,,,,,,,,,,,,
646,1.5530931949615479,0.901002049446106,32.6097297668457,581,0,,,,,,,,,,,,,,,
647,0.9175315499305725,0.633608877658844,14.053336143493652,582,0,,,,,,,,,,,,,,,
648,0.7716130614280701,0.5900782346725464,14.20952320098877,583,0,,,,,,,,,,,,,,,
649,0.6141834855079651,0.5046737194061279,16.64356803894043,584,0,,,,,,,,,,,,,,,
650,0.4562990069389343,0.45404571294784546,14.152061462402344,585,0,,,,,,,,,,,,,,,
651,0.9840797185897827,0.6600244045257568,20.137800216674805,586,0,,,,,,,,,,,,,,,
652,0.12083984166383743,0.2436303049325943,3.1694650650024414,587,0,,,,,,,,,,,,,,,
653,1.5223840475082397,0.8614603281021118,26.92635726928711,588,0,,,,,,,,,,,,,,,
654,0.14642366766929626,0.24498559534549713,1.8982442617416382,589,0,,,,,,,,,,,,,,,
655,0.7190201282501221,0.5550118088722229,17.052282333374023,590,0,,,,,,,,,,,,,,,
656,1.0724246501922607,0.7102985382080078,30.44805908203125,591,0,,,,,,,,,,,,,,,
657,0.39116141200065613,0.4299457371234894,11.7320556640625,592,0,,,,,,,,,,,,,,,
658,0.8080092668533325,0.6199604868888855,24.129425048828125,593,0,,,,,,,,,,,,,,,
659,0.23930244147777557,0.316480815410614,7.166323184967041,594,0,,,,,,,,,,,,,,,
660,1.83038330078125,0.9826900959014893,35.98000717163086,595,0,,,,,,,,,,,,,,,
661,0.2698729634284973,0.3004060685634613,4.69354772567749,596,0,,,,,,,,,,,,,,,
662,1.5364900827407837,0.8637151718139648,24.026622772216797,597,0,,,,,,,,,,,,,,,
663,1.0057926177978516,0.6843117475509644,18.130756378173828,598,0,,,,,,,,,,,,,,,
664,0.2589986324310303,0.3398594260215759,8.736074447631836,599,0,,,,,,,,,,,,,,,
665,0.879580557346344,0.6495914459228516,19.524147033691406,600,0,,,,,,,,,,,,,,,
666,0.5765444040298462,0.5263030529022217,21.322999954223633,601,0,,,,,,,,,,,,,,,
667,1.372584342956543,0.827128529548645,27.994693756103516,602,0,,,,,,,,,,,,,,,
668,0.740498423576355,0.606985867023468,19.769575119018555,603,0,,,,,,,,,,,,,,,
669,1.0965946912765503,0.7425355911254883,26.30763053894043,604,0,,,,,,,,,,,,,,,
670,1.3412156105041504,0.8773492574691772,25.336822509765625,605,0,,,,,,,,,,,,,,,
671,0.2591698169708252,0.3202224373817444,10.69062328338623,606,0,,,,,,,,,,,,,,,
672,0.3811914324760437,0.377891480922699,17.839433670043945,607,0,,,,,,,,,,,,,,,
673,0.727064847946167,0.6309208869934082,21.07292938232422,608,0,,,,,,,,,,,,,,,
674,0.31186407804489136,0.32089897990226746,11.232878684997559,609,0,,,,,,,,,,,,,,,
675,0.2811499536037445,0.3389608860015869,3.9683797359466553,610,0,,,,,,,,,,,,,,,
676,2.666473388671875,1.172621488571167,34.62778854370117,611,0,,,,,,,,,,,,,,,
677,0.6542823314666748,0.5295417308807373,15.031606674194336,612,0,,,,,,,,,,,,,,,
678,0.5291863679885864,0.4753870368003845,15.890778541564941,613,0,,,,,,,,,,,,,,,
679,0.5164984464645386,0.42928457260131836,14.049827575683594,614,0,,,,,,,,,,,,,,,
680,0.8743357062339783,0.5983620285987854,15.242685317993164,615,0,,,,,,,,,,,,,,,
681,0.24217748641967773,0.3644270896911621,4.447709560394287,616,0,,,,,,,,,,,,,,,
682,0.2933858335018158,0.3567056357860565,10.6580171585083,617,0,,,,,,,,,,,,,,,
683,0.17618253827095032,0.2541004717350006,6.429190158843994,618,0,,,,,,,,,,,,,,,
684,0.5819848775863647,0.5496305823326111,13.488571166992188,619,0,,,,,,,,,,,,,,,
685,3.049075126647949,1.3546031713485718,34.62883377075195,620,0,,,,,,,,,,,,,,,
686,1.2139571905136108,0.785223126411438,23.91290283203125,621,0,,,,,,,,,,,,,,,
687,1.1417210102081299,0.7395074963569641,27.933292388916016,622,0,,,,,,,,,,,,,,,
688,0.6400836706161499,0.5494018197059631,17.102291107177734,623,0,,,,,,,,,,,,,,,
689,0.5779094696044922,0.5280009508132935,17.5825138092041,624,0,,,,,,,,,,,,,,,
690,1.5239847898483276,0.7992007732391357,20.063093185424805,625,0,,,,,,,,,,,,,,,
691,0.27783066034317017,0.3637354373931885,12.991943359375,626,0,,,,,,,,,,,,,,,
692,0.45015376806259155,0.40220242738723755,11.697726249694824,627,0,,,,,,,,,,,,,,,
693,0.1972280889749527,0.2968946695327759,7.667232990264893,628,0,,,,,,,,,,,,,,,
694,0.9442910552024841,0.6330873966217041,23.269105911254883,629,0,,,,,,,,,,,,,,,
695,1.6608009338378906,0.8255813121795654,26.26862335205078,630,0,,,,,,,,,,,,,,,
696,0.6741118431091309,0.5766522884368896,16.849416732788086,631,0,,,,,,,,,,,,,,,
697,0.3865455985069275,0.3942960500717163,10.257160186767578,632,0,,,,,,,,,,,,,,,
698,0.2731894850730896,0.3199864625930786,8.295099258422852,633,0,,,,,,,,,,,,,,,
699,0.6489711999893188,0.5303782820701599,17.525463104248047,634,0,,,,,,,,,,,,,,,
700,0.21191421151161194,0.3120478391647339,9.634477615356445,635,0,,,,,,,,,,,,,,,
701,2.669945478439331,1.180971384048462,41.97871780395508,636,0,,,,,,,,,,,,,,,
702,1.8403444290161133,0.9800512790679932,29.606639862060547,637,0,,,,,,,,,,,,,,,
703,0.2515851855278015,0.29201096296310425,9.318572044372559,638,0,,,,,,,,,,,,,,,
704,1.242492437362671,0.779249906539917,22.541301727294922,639,0,,,,,,,,,,,,,,,
705,0.45918506383895874,0.4627302587032318,15.895814895629883,640,0,,,,,,,,,,,,,,,
706,0.1294272243976593,0.22028964757919312,2.406970500946045,641,0,,,,,,,,,,,,,,,
707,0.19143694639205933,0.2658274471759796,6.730035781860352,642,0,,,,,,,,,,,,,,,
708,0.37945321202278137,0.42162638902664185,15.537862777709961,643,0,,,,,,,,,,,,,,,
709,1.272263526916504,0.7045159339904785,17.28867530822754,644,0,,,,,,,,,,,,,,,
710,0.2979070246219635,0.3536638021469116,4.300353050231934,645,0,,,,,,,,,,,,,,,
711,0.42002731561660767,0.4046143591403961,16.846752166748047,646,0,,,,,,,,,,,,,,,
712,1.1630735397338867,0.7759847044944763,25.79876708984375,647,0,,,,,,,,,,,,,,,
713,3.417524576187134,1.4049251079559326,45.67670440673828,648,0,,,,,,,,,,,,,,,
714,0.7430160045623779,0.5824690461158752,25.675107955932617,649,0,,,,,,,,,,,,,,,
715,1.3584308624267578,0.8814032673835754,23.79088020324707,650,0,,,,,,,,,,,,,,,
716,1.1092424392700195,0.7417012453079224,29.184194564819336,651,0,,,,,,,,,,,,,,,
717,0.40918079018592834,0.4550515413284302,11.324295043945312,652,0,,,,,,,,,,,,,,,
718,0.5905430912971497,0.5567820072174072,15.026904106140137,653,0,,,,,,,,,,,,,,,
719,0.9040483236312866,0.6841118931770325,25.955509185791016,654,0,,,,,,,,,,,,,,,
720,0.3017852306365967,0.37093669176101685,8.568865776062012,655,0,,,,,,,,,,,,,,,
721,0.36320415139198303,0.3919163942337036,10.592011451721191,656,0,,,,,,,,,,,,,,,
722,1.8180480003356934,0.944983184337616,24.304344177246094,657,0,,,,,,,,,,,,,,,
723,1.134785771369934,0.733207106590271,24.806888580322266,658,0,,,,,,,,,,,,,,,
724,0.13688895106315613,0.2654000520706177,1.4070119857788086,659,0,,,,,,,,,,,,,,,
725,0.9253264665603638,0.6424739360809326,18.4410343170166,660,0,,,,,,,,,,,,,,,
726,1.0720105171203613,0.677757740020752,23.60039520263672,661,0,,,,,,,,,,,,,,,
727,0.7504167556762695,0.5877687931060791,18.989158630371094,662,0,,,,,,,,,,,,,,,
728,0.5665650367736816,0.4707770347595215,15.246786117553711,663,0,,,,,,,,,,,,,,,
729,3.3802661895751953,1.400518774986267,40.05987548828125,664,0,,,,,,,,,,,,,,,
730,0.22340980172157288,0.3198821246623993,9.32522964477539,665,0,,,,,,,,,,,,,,,
731,0.9506893157958984,0.6672857999801636,24.41775131225586,666,0,,,,,,,,,,,,,,,
732,1.08668851852417,0.6941017508506775,21.468839645385742,667,0,,,,,,,,,,,,,,,
733,0.16893142461776733,0.24724328517913818,3.39617657661438,668,0,,,,,,,,,,,,,,,
734,0.38512223958969116,0.4296126663684845,12.406543731689453,669,0,,,,,,,,,,,,,,,
735,0.393655389547348,0.3822091817855835,8.051326751708984,670,0,,,,,,,,,,,,,,,
736,1.4847074747085571,0.8812271356582642,28.577072143554688,671,0,,,,,,,,,,,,,,,
737,0.22784580290317535,0.2986827790737152,8.816094398498535,672,0,,,,,,,,,,,,,,,
738,0.3933658003807068,0.37050530314445496,7.558078289031982,673,0,,,,,,,,,,,,,,,
739,0.6782273650169373,0.572731614112854,16.073650360107422,674,0,,,,,,,,,,,,,,,
740,0.16262882947921753,0.2637467384338379,2.8353753089904785,675,0,,,,,,,,,,,,,,,
741,0.9473305344581604,0.6478809118270874,29.489818572998047,676,0,,,,,,,,,,,,,,,
742,0.3271648585796356,0.39127546548843384,9.888938903808594,677,0,,,,,,,,,,,,,,,
743,1.2523396015167236,0.7746750116348267,26.02776336669922,678,0,,,,,,,,,,,,,,,
744,0.3310736119747162,0.356153666973114,10.89766788482666,679,0,,,,,,,,,,,,,,,
745,1.0712504386901855,0.701453685760498,21.81908416748047,680,0,,,,,,,,,,,,,,,
746,0.4394790232181549,0.44360676407814026,12.801398277282715,681,0,,,,,,,,,,,,,,,
747,1.1412675380706787,0.7474480867385864,24.74846076965332,682,0,,,,,,,,,,,,,,,
748,0.8008765578269958,0.6102846264839172,15.006681442260742,683,0,,,,,,,,,,,,,,,
749,1.794472336769104,0.9602968692779541,37.44442367553711,684,0,,,,,,,,,,,,,,,
750,2.2315473556518555,1.144482135772705,29.198240280151367,685,0,,,,,,,,,,,,,,,
751,0.2161780595779419,0.2868647575378418,6.90867280960083,686,0,,,,,,,,,,,,,,,
752,0.14503119885921478,0.25341880321502686,2.625488519668579,687,0,,,,,,,,,,,,,,,
753,0.8375473022460938,0.5651659965515137,19.15645980834961,688,0,,,,,,,,,,,,,,,
754,0.5175913572311401,0.41961005330085754,12.955740928649902,689,0,,,,,,,,,,,,,,,
755,0.47798746824264526,0.4871037006378174,13.455647468566895,690,0,,,,,,,,,,,,,,,
756,0.9742152094841003,0.7022783756256104,20.952360153198242,691,0,,,,,,,,,,,,,,,
757,0.1306414008140564,0.2403966188430786,1.5459489822387695,692,0,,,,,,,,,,,,,,,
758,0.23078778386116028,0.2715708613395691,7.917362213134766,693,0,,,,,,,,,,,,,,,
759,3.1664633750915527,1.3738611936569214,44.35784912109375,694,0,,,,,,,,,,,,,,,
760,0.5793250799179077,0.4723772406578064,12.506932258605957,695,0,,,,,,,,,,,,,,,
761,0.7550828456878662,0.5888236165046692,7.331118583679199,696,0,,,,,,,,,,,,,,,
762,0.4821702241897583,0.47604382038116455,13.784274101257324,697,0,,,,,,,,,,,,,,,
763,0.6776390075683594,0.6028462648391724,26.00617790222168,698,0,,,,,,,,,,,,,,,
764,0.3275127410888672,0.38085493445396423,9.262066841125488,699,0,,,,,,,,,,,,,,,
765,0.7079598307609558,0.5749956369400024,17.920024871826172,700,0,,,,,,,,,,,,,,,
766,0.960619330406189,0.6584558486938477,17.355318069458008,701,0,,,,,,,,,,,,,,,
767,1.4904214143753052,0.7844816446304321,16.281450271606445,702,0,,,,,,,,,,,,,,,
768,0.9425005316734314,0.7013034820556641,22.094755172729492,703,0,,,,,,,,,,,,,,,
769,1.523935317993164,0.8574334383010864,34.644222259521484,704,0,,,,,,,,,,,,,,,
770,2.5832223892211914,1.2620149850845337,40.080413818359375,705,0,,,,,,,,,,,,,,,
771,0.7303584814071655,0.5880060791969299,14.83397102355957,706,0,,,,,,,,,,,,,,,
772,0.7859843969345093,0.5749692916870117,17.484233856201172,707,0,,,,,,,,,,,,,,,
773,0.2396533191204071,0.3340587019920349,8.180134773254395,708,0,,,,,,,,,,,,,,,
774,0.8830817937850952,0.6508198976516724,27.509572982788086,709,0,,,,,,,,,,,,,,,
775,2.619612216949463,1.1799650192260742,33.99268341064453,710,0,,,,,,,,,,,,,,,
776,0.7564545273780823,0.5661617517471313,22.913528442382812,711,0,,,,,,,,,,,,,,,
777,1.5416350364685059,0.8735754489898682,28.828584671020508,712,0,,,,,,,,,,,,,,,
778,0.2366151660680771,0.27824223041534424,2.903524160385132,713,0,,,,,,,,,,,,,,,
779,2.0854403972625732,1.0474231243133545,36.92736053466797,714,0,,,,,,,,,,,,,,,
780,0.9695907831192017,0.7030904293060303,19.624969482421875,715,0,,,,,,,,,,,,,,,
781,0.194462388753891,0.3068420886993408,4.740135192871094,716,0,,,,,,,,,,,,,,,
782,0.33100688457489014,0.3734748065471649,4.464387893676758,717,0,,,,,,,,,,,,,,,
783,0.9622901678085327,0.6935058832168579,25.795289993286133,718,0,,,,,,,,,,,,,,,
784,0.6474400162696838,0.5182631611824036,16.59746551513672,719,0,,,,,,,,,,,,,,,
785,0.97077476978302,0.7245014905929565,25.025922775268555,720,0,,,,,,,,,,,,,,,
786,1.346357822418213,0.7778040170669556,38.2592658996582,721,0,,,,,,,,,,,,,,,
787,0.5571759939193726,0.5001261830329895,11.631381034851074,722,0,,,,,,,,,,,,,,,
788,0.5690563917160034,0.5545916557312012,14.874999046325684,723,0,,,,,,,,,,,,,,,
789,1.1381605863571167,0.7144361138343811,21.564533233642578,724,0,,,,,,,,,,,,,,,
790,0.5443810224533081,0.516961395740509,17.614625930786133,725,0,,,,,,,,,,,,,,,
791,0.1725062131881714,0.2867705225944519,7.268136978149414,726,0,,,,,,,,,,,,,,,
792,2.549168586730957,1.2003251314163208,32.94218063354492,727,0,,,,,,,,,,,,,,,
793,0.3908686935901642,0.3645884394645691,7.255798816680908,728,0,,,,,,,,,,,,,,,
794,0.8363243341445923,0.6808683276176453,25.657800674438477,729,0,,,,,,,,,,,,,,,
795,0.24140384793281555,0.30697932839393616,7.358532428741455,730,0,,,,,,,,,,,,,,,
796,0.27183854579925537,0.3436713218688965,9.000402450561523,731,0,,,,,,,,,,,,,,,
797,0.589847207069397,0.49245336651802063,15.36181640625,732,0,,,,,,,,,,,,,,,
798,0.24287131428718567,0.2925683259963989,6.894175052642822,733,0,,,,,,,,,,,,,,,
799,0.9948486089706421,0.6780280470848083,12.481213569641113,734,0,,,,,,,,,,,,,,,
800,0.3850872218608856,0.39259326457977295,11.240814208984375,735,0,,,,,,,,,,,,,,,
801,1.492838740348816,0.8705592155456543,22.631641387939453,736,0,,,,,,,,,,,,,,,
802,0.39867323637008667,0.4437880516052246,8.465886116027832,737,0,,,,,,,,,,,,,,,
803,0.5480329990386963,0.5122787952423096,14.667952537536621,738,0,,,,,,,,,,,,,,,
804,1.9408717155456543,1.0670808553695679,43.94007110595703,739,0,,,,,,,,,,,,,,,
805,0.29676052927970886,0.39637744426727295,8.766416549682617,740,0,,,,,,,,,,,,,,,
806,0.8048876523971558,0.6232244968414307,20.42758560180664,741,0,,,,,,,,,,,,,,,
807,0.3027722239494324,0.3301082253456116,6.539383888244629,742,0,,,,,,,,,,,,,,,
808,1.3912723064422607,0.8208518028259277,27.43263816833496,743,0,,,,,,,,,,,,,,,
809,0.49221980571746826,0.4510156512260437,13.15477466583252,744,0,,,,,,,,,,,,,,,
810,0.2733129560947418,0.3385658264160156,9.260672569274902,745,0,,,,,,,,,,,,,,,
811,1.3720042705535889,0.7355436086654663,19.72852325439453,746,0,,,,,,,,,,,,,,,
812,1.1343073844909668,0.7419878244400024,19.814857482910156,747,0,,,,,,,,,,,,,,,
813,1.1200642585754395,0.7186779975891113,20.39835548400879,748,0,,,,,,,,,,,,,,,
814,0.28161489963531494,0.34082716703414917,5.430070400238037,749,0,,,,,,,,,,,,,,,
815,0.47094565629959106,0.4483798146247864,18.98759651184082,750,0,,,,,,,,,,,,,,,
816,0.9544137120246887,0.6691399216651917,20.864459991455078,751,0,,,,,,,,,,,,,,,
817,0.42712947726249695,0.4761852025985718,12.084392547607422,752,0,,,,,,,,,,,,,,,
818,0.20427869260311127,0.28940311074256897,5.55974006652832,753,0,,,,,,,,,,,,,,,
819,0.7924302816390991,0.6146742105484009,20.834205627441406,754,0,,,,,,,,,,,,,,,
820,0.6259503960609436,0.49249523878097534,14.08169174194336,755,0,,,,,,,,,,,,,,,
821,0.4171019196510315,0.46711212396621704,15.8302640914917,756,0,,,,,,,,,,,,,,,
822,2.077235698699951,1.043108344078064,31.37180519104004,757,0,,,,,,,,,,,,,,,
823,0.223501518368721,0.2936776876449585,3.822627067565918,758,0,,,,,,,,,,,,,,,
824,0.3520580530166626,0.35179296135902405,9.278831481933594,759,0,,,,,,,,,,,,,,,
825,0.5451806783676147,0.5439954996109009,14.802350997924805,760,0,,,,,,,,,,,,,,,
826,0.2861538231372833,0.3466252088546753,14.389925956726074,761,0,,,,,,,,,,,,,,,
827,0.46270936727523804,0.43036043643951416,9.313470840454102,762,0,,,,,,,,,,,,,,,
828,0.6185685396194458,0.5135850310325623,22.550203323364258,763,0,,,,,,,,,,,,,,,
829,4.081910133361816,1.4486637115478516,50.60317611694336,764,0,,,,,,,,,,,,,,,
830,3.243685245513916,1.423937439918518,35.83890914916992,765,0,,,,,,,,,,,,,,,
831,0.43329107761383057,0.4633804261684418,6.736846446990967,766,0,,,,,,,,,,,,,,,
832,1.0585408210754395,0.7424803376197815,23.597309112548828,767,0,,,,,,,,,,,,,,,
833,1.0488553047180176,0.7313228845596313,20.696596145629883,768,0,,,,,,,,,,,,,,,
834,0.2427932769060135,0.3264409601688385,8.481350898742676,769,0,,,,,,,,,,,,,,,
835,0.19904232025146484,0.2617153525352478,4.189755916595459,770,0,,,,,,,,,,,,,,,
836,0.6645839810371399,0.5619891881942749,14.173898696899414,771,0,,,,,,,,,,,,,,,
837,0.20064489543437958,0.3249358534812927,2.3011085987091064,772,0,,,,,,,,,,,,,,,
838,0.18629862368106842,0.29833024740219116,2.867180585861206,773,0,,,,,,,,,,,,,,,
839,1.412477970123291,0.8201223015785217,24.96804428100586,774,0,,,,,,,,,,,,,,,
840,0.5290345549583435,0.47965914011001587,13.440956115722656,775,0,,,,,,,,,,,,,,,
841,0.7352032661437988,0.5662592053413391,18.31852912902832,776,0,,,,,,,,,,,,,,,
842,1.6233313083648682,0.8812097907066345,33.128238677978516,777,0,,,,,,,,,,,,,,,
843,2.001002788543701,1.0766348838806152,46.16570281982422,778,0,,,,,,,,,,,,,,,
844,0.5344682931900024,0.49335408210754395,13.174553871154785,779,0,,,,,,,,,,,,,,,
845,0.37083423137664795,0.3454556167125702,9.534989356994629,780,0,,,,,,,,,,,,,,,
846,0.3372999429702759,0.42652976512908936,15.529601097106934,781,0,,,,,,,,,,,,,,,
847,0.7294079661369324,0.5935439467430115,18.435583114624023,782,0,,,,,,,,,,,,,,,
848,1.1558895111083984,0.6587350368499756,26.683591842651367,783,0,,,,,,,,,,,,,,,
849,0.6801233291625977,0.5325157046318054,21.18512535095215,784,0,,,,,,,,,,,,,,,
850,1.4910327196121216,0.817009687423706,27.817827224731445,785,0,,,,,,,,,,,,,,,
851,0.6704633235931396,0.5877103805541992,21.043731689453125,786,0,,,,,,,,,,,,,,,
852,0.9680385589599609,0.7200706005096436,26.599153518676758,787,0,,,,,,,,,,,,,,,
853,1.3221807479858398,0.7989067435264587,31.042360305786133,788,0,,,,,,,,,,,,,,,
854,0.7854354381561279,0.5945711135864258,16.549850463867188,789,0,,,,,,,,,,,,,,,
855,1.5668754577636719,0.9279254674911499,23.051193237304688,790,0,,,,,,,,,,,,,,,
856,0.6874690055847168,0.5663721561431885,17.342727661132812,791,0,,,,,,,,,,,,,,,
857,2.409853935241699,1.190761923789978,41.053096771240234,792,0,,,,,,,,,,,,,,,
858,0.6980146765708923,0.5077780485153198,14.754918098449707,793,0,,,,,,,,,,,,,,,
859,0.20053896307945251,0.32374536991119385,5.751988410949707,794,0,,,,,,,,,,,,,,,
860,0.26787102222442627,0.33140283823013306,8.061031341552734,795,0,,,,,,,,,,,,,,,
861,0.13116572797298431,0.22936686873435974,1.9862562417984009,796,0,,,,,,,,,,,,,,,
862,1.3175463676452637,0.7242344617843628,22.47394371032715,797,0,,,,,,,,,,,,,,,
863,0.6480676531791687,0.5174833536148071,16.05413246154785,798,0,,,,,,,,,,,,,,,
864,1.037274718284607,0.7282452583312988,19.24892234802246,799,0,,,,,,,,,,,,,,,
865,0.3469269275665283,0.34043169021606445,10.77894115447998,800,0,,,,,,,,,,,,,,,
866,0.5253406167030334,0.5107133388519287,14.25084400177002,801,0,,,,,,,,,,,,,,,
867,1.8917274475097656,1.032012939453125,32.44118118286133,802,0,,,,,,,,,,,,,,,
868,0.7887938022613525,0.5082863569259644,17.381914138793945,803,0,,,,,,,,,,,,,,,
869,0.37406301498413086,0.4077706038951874,11.282554626464844,804,0,,,,,,,,,,,,,,,
870,0.7199293375015259,0.5638728141784668,17.368146896362305,805,0,,,,,,,,,,,,,,,
871,1.5956847667694092,0.8851862549781799,25.03145408630371,806,0,,,,,,,,,,,,,,,
872,0.5058544278144836,0.4690089821815491,17.591907501220703,807,0,,,,,,,,,,,,,,,
873,1.815322756767273,0.9551788568496704,32.62368392944336,808,0,,,,,,,,,,,,,,,
874,0.14972305297851562,0.29875439405441284,5.178666114807129,809,0,,,,,,,,,,,,,,,
875,0.9782769680023193,0.6231244206428528,24.523378372192383,810,0,,,,,,,,,,,,,,,
876,0.9522058963775635,0.6689073443412781,25.29431915283203,811,0,,,,,,,,,,,,,,,
877,0.830125093460083,0.5656347870826721,19.453454971313477,812,0,,,,,,,,,,,,,,,
878,1.758786916732788,0.9320098757743835,27.52789306640625,813,0,,,,,,,,,,,,,,,
879,0.3637635111808777,0.3726637661457062,10.636198043823242,814,0,,,,,,,,,,,,,,,
880,0.27401864528656006,0.3390107750892639,7.640691757202148,815,0,,,,,,,,,,,,,,,
881,0.166139155626297,0.24426299333572388,3.1673073768615723,816,0,,,,,,,,,,,,,,,
882,0.506332278251648,0.4393951892852783,14.66855239868164,817,0,,,,,,,,,,,,,,,
883,2.788180351257324,1.189558744430542,42.38589859008789,818,0,,,,,,,,,,,,,,,
884,0.28831106424331665,0.3776070475578308,10.636421203613281,819,0,,,,,,,,,,,,,,,
885,0.28795552253723145,0.3643638789653778,11.870922088623047,820,0,,,,,,,,,,,,,,,
886,1.1663932800292969,0.7698708772659302,14.867096900939941,821,0,,,,,,,,,,,,,,,
887,1.6231591701507568,0.888308048248291,30.53938102722168,822,0,,,,,,,,,,,,,,,
888,0.5644419193267822,0.5342485904693604,16.215099334716797,823,0,,,,,,,,,,,,,,,
889,0.4398590624332428,0.4234703779220581,10.95561408996582,824,0,,,,,,,,,,,,,,,
890,1.2756233215332031,0.7331850528717041,21.446727752685547,825,0,,,,,,,,,,,,,,,
891,0.7342706918716431,0.5454112887382507,19.632944107055664,826,0,,,,,,,,,,,,,,,
892,1.0136414766311646,0.7142660021781921,25.389352798461914,827,0,,,,,,,,,,,,,,,
893,1.4239693880081177,0.8607423305511475,25.38927459716797,828,0,,,,,,,,,,,,,,,
894,0.30234482884407043,0.3538341522216797,11.264971733093262,829,0,,,,,,,,,,,,,,,
895,0.29433298110961914,0.3536107540130615,9.672131538391113,830,0,,,,,,,,,,,,,,,
896,0.6654525995254517,0.549613356590271,17.81239128112793,831,0,,,,,,,,,,,,,,,
897,0.37873169779777527,0.4312923848628998,10.525096893310547,832,0,,,,,,,,,,,,,,,
898,0.4230034649372101,0.49649113416671753,19.812135696411133,833,0,,,,,,,,,,,,,,,
899,0.3041026294231415,0.34134653210639954,10.499690055847168,834,0,,,,,,,,,,,,,,,
900,0.9180295467376709,0.6113862991333008,22.047893524169922,835,0,,,,,,,,,,,,,,,
901,0.9332090020179749,0.663349986076355,24.215251922607422,836,0,,,,,,,,,,,,,,,
902,0.626022219657898,0.4254183769226074,11.632306098937988,837,0,,,,,,,,,,,,,,,
903,0.1895424723625183,0.23642173409461975,3.498610496520996,838,0,,,,,,,,,,,,,,,
904,1.2346985340118408,0.7715035080909729,28.429889678955078,839,0,,,,,,,,,,,,,,,
905,0.9586471319198608,0.6053847074508667,22.092531204223633,840,0,,,,,,,,,,,,,,,
906,0.4164647161960602,0.41261422634124756,11.860821723937988,841,0,,,,,,,,,,,,,,,
906,,,,,,-2.662668675795845,419,-2.662668675795845,419,906,841,906,14.15625,0.1873313242041546,0.0,-2.8499999999999996,0.0,0.0,-2.662668675795845,1.0
