step,learn/loss,learn/td_abs_mean,learn/grad_norm,learn/grad_steps,learn/nonfinite_streak,episode/return,episode/length,track/luigi_circuit_tt/episode_return,track/luigi_circuit_tt/episode_length,env_steps,grad_steps,replay/capacity,replay/fill_ratio,env/id,reward/checkpoint,reward/offroad,reward/wall,reward/finish,reward/position,reward/total,track_sampler/luigi_circuit_tt/weight
68,0.23127323389053345,0.22137556970119476,10.040395736694336,1,0,,,,,,,,,,,,,,,,
68,0.09122459590435028,0.1796007752418518,4.987432956695557,2,0,,,,,,,,,,,,,,,,
68,0.37363705039024353,0.3722239136695862,19.047161102294922,3,0,,,,,,,,,,,,,,,,
68,0.22639894485473633,0.2763030230998993,12.257757186889648,4,0,,,,,,,,,,,,,,,,
68,0.15703661739826202,0.23780475556850433,8.46167278289795,5,0,,,,,,,,,,,,,,,,
68,0.5842622518539429,0.4738054871559143,21.880189895629883,6,0,,,,,,,,,,,,,,,,
68,0.5626188516616821,0.4733666479587555,25.49467658996582,7,0,,,,,,,,,,,,,,,,
68,0.1244838535785675,0.200431689620018,3.216140031814575,8,0,,,,,,,,,,,,,,,,
68,0.12710115313529968,0.20330196619033813,2.528787612915039,9,0,,,,,,,,,,,,,,,,
68,0.2847861349582672,0.3115859031677246,10.038525581359863,10,0,,,,,,,,,,,,,,,,
68,0.30570903420448303,0.3117370009422302,8.103935241699219,11,0,,,,,,,,,,,,,,,,
68,0.25396737456321716,0.2898557186126709,3.616616725921631,12,0,,,,,,,,,,,,,,,,
68,0.591241180896759,0.47879841923713684,20.248336791992188,13,0,,,,,,,,,,,,,,,,
68,0.5411563515663147,0.4376786947250366,20.937177658081055,14,0,,,,,,,,,,,,,,,,
68,0.6674295663833618,0.5406392216682434,21.44144630432129,15,0,,,,,,,,,,,,,,,,
68,0.2657500207424164,0.29074782133102417,6.2523322105407715,16,0,,,,,,,,,,,,,,,,
68,0.29284483194351196,0.31740719079971313,4.326858043670654,17,0,,,,,,,,,,,,,,,,
68,1.5601203441619873,0.7966779470443726,39.41206741333008,18,0,,,,,,,,,,,,,,,,
68,0.26508259773254395,0.29174843430519104,5.2115349769592285,19,0,,,,,,,,,,,,,,,,
68,0.3191901445388794,0.3210170865058899,6.073292255401611,20,0,,,,,,,,,,,,,,,,
68,0.32923486828804016,0.3083464503288269,3.681900978088379,21,0,,,,,,,,,,,,,,,,
68,0.7320237159729004,0.49293145537376404,22.204069137573242,22,0,,,,,,,,,,,,,,,,
68,1.1926571130752563,0.6694594621658325,32.840938568115234,23,0,,,,,,,,,,,,,,,,
68,0.2684401571750641,0.3049449324607849,6.44007682800293,24,0,,,,,,,,,,,,,,,,
68,0.5583377480506897,0.40109550952911377,8.236297607421875,25,0,,,,,,,,,,,,,,,,
68,0.3995973765850067,0.35001033544540405,8.194524765014648,26,0,,,,,,,,,,,,,,,,
68,1.0284795761108398,0.5623606443405151,18.366716384887695,27,0,,,,,,,,,,,,,,,,
68,0.33088061213493347,0.31995701789855957,5.209056377410889,28,0,,,,,,,,,,,,,,,,
68,0.361760675907135,0.33858397603034973,5.310496807098389,29,0,,,,,,,,,,,,,,,,
68,1.0489835739135742,0.6644891500473022,26.20238494873047,30,0,,,,,,,,,,,,,,,,
68,0.5187662839889526,0.43098729848861694,5.9867844581604,31,0,,,,,,,,,,,,,,,,
68,0.32215428352355957,0.3568728268146515,7.036800384521484,32,0,,,,,,,,,,,,,,,,
68,0.25571829080581665,0.28511327505111694,6.457022190093994,33,0,,,,,,,,,,,,,,,,
68,0.35053229331970215,0.36275535821914673,3.641072988510132,34,0,,,,,,,,,,,,,,,,
68,0.41155898571014404,0.37514185905456543,8.248233795166016,35,0,,,,,,,,,,,,,,,,
68,0.3246336281299591,0.34972935914993286,4.747412204742432,36,0,,,,,,,,,,,,,,,,
68,0.21099647879600525,0.27571892738342285,4.8439483642578125,37,0,,,,,,,,,,,,,,,,
68,1.7831919193267822,0.9012143611907959,39.91651916503906,38,0,,,,,,,,,,,,,,,,
68,1.0832171440124512,0.6516059637069702,28.094799041748047,39,0,,,,,,,,,,,,,,,,
68,0.6933279037475586,0.5242922306060791,21.35040855407715,40,0,,,,,,,,,,,,,,,,
68,0.30753540992736816,0.3596889078617096,4.21495246887207,41,0,,,,,,,,,,,,,,,,
68,0.699457049369812,0.5055172443389893,20.42972755432129,42,0,,,,,,,,,,,,,,,,
68,0.8401947021484375,0.5910075902938843,22.502424240112305,43,0,,,,,,,,,,,,,,,,
68,0.1671198606491089,0.2370469570159912,1.3782579898834229,44,0,,,,,,,,,,,,,,,,
68,0.22347021102905273,0.30275577306747437,3.8065295219421387,45,0,,,,,,,,,,,,,,,,
68,0.17878387868404388,0.2566002607345581,4.34262752532959,46,0,,,,,,,,,,,,,,,,
68,0.23127424716949463,0.2856523096561432,2.754422187805176,47,0,,,,,,,,,,,,,,,,
68,0.32357046008110046,0.3305944800376892,7.904128074645996,48,0,,,,,,,,,,,,,,,,
68,0.8323984146118164,0.6220217943191528,21.859708786010742,49,0,,,,,,,,,,,,,,,,
68,0.3258218765258789,0.36642223596572876,4.613272666931152,50,0,,,,,,,,,,,,,,,,
68,1.0802921056747437,0.7270029783248901,29.718952178955078,51,0,,,,,,,,,,,,,,,,
68,0.2892841100692749,0.2959460914134979,5.470238208770752,52,0,,,,,,,,,,,,,,,,
68,1.2311885356903076,0.7555016279220581,29.555477142333984,53,0,,,,,,,,,,,,,,,,
68,0.2374717742204666,0.29770129919052124,2.922346353530884,54,0,,,,,,,,,,,,,,,,
68,0.22200362384319305,0.29113149642944336,2.931795835494995,55,0,,,,,,,,,,,,,,,,
68,0.19977250695228577,0.2712576389312744,4.393280506134033,56,0,,,,,,,,,,,,,,,,
68,0.2969703674316406,0.31892815232276917,3.513481616973877,57,0,,,,,,,,,,,,,,,,
68,0.9973037242889404,0.6185882091522217,26.329978942871094,58,0,,,,,,,,,,,,,,,,
68,0.23700550198554993,0.29454994201660156,5.232315540313721,59,0,,,,,,,,,,,,,,,,
68,0.2913196086883545,0.33463937044143677,9.196118354797363,60,0,,,,,,,,,,,,,,,,
68,1.0276679992675781,0.6516421437263489,25.631732940673828,61,0,,,,,,,,,,,,,,,,
68,0.23926368355751038,0.27129068970680237,2.9674153327941895,62,0,,,,,,,,,,,,,,,,
68,0.9251877665519714,0.6370333433151245,28.11333465576172,63,0,,,,,,,,,,,,,,,,
68,0.37628403306007385,0.37273135781288147,12.853757858276367,64,0,,,,,,,,,,,,,,,,
68,0.2148839235305786,0.2975551187992096,4.499761581420898,65,0,,,,,,,,,,,,,,,,
68,0.19139663875102997,0.2742713689804077,3.9431655406951904,66,0,,,,,,,,,,,,,,,,
68,0.31091779470443726,0.3538167476654053,9.8696928024292,67,0,,,,,,,,,,,,,,,,
68,0.5125331878662109,0.44388347864151,14.951163291931152,68,0,,,,,,,,,,,,,,,,
70,0.14530900120735168,0.23369565606117249,1.6108393669128418,69,0,,,,,,,,,,,,,,,,
70,0.29810968041419983,0.327384889125824,2.9021005630493164,70,0,,,,,,,,,,,,,,,,
71,0.292852520942688,0.34423524141311646,7.893301963806152,71,0,,,,,,,,,,,,,,,,
72,2.730623722076416,1.2154920101165771,40.809112548828125,72,0,,,,,,,,,,,,,,,,
73,0.89701908826828,0.5956862568855286,18.460731506347656,73,0,,,,,,,,,,,,,,,,
74,0.2456190139055252,0.3137836456298828,4.927721977233887,74,0,,,,,,,,,,,,,,,,
75,0.28982609510421753,0.32873573899269104,4.823572635650635,75,0,,,,,,,,,,,,,,,,
76,0.9704291820526123,0.6564345359802246,27.20782470703125,76,0,,,,,,,,,,,,,,,,
77,0.31306323409080505,0.3272644877433777,10.416354179382324,77,0,,,,,,,,,,,,,,,,
78,0.28695395588874817,0.3163487911224365,10.44388484954834,78,0,,,,,,,,,,,,,,,,
79,0.2599264681339264,0.2977033853530884,7.190421104431152,79,0,,,,,,,,,,,,,,,,
80,0.8914940357208252,0.608607828617096,30.198728561401367,80,0,,,,,,,,,,,,,,,,
81,0.7659828662872314,0.5544054508209229,10.975557327270508,81,0,,,,,,,,,,,,,,,,
82,0.9503767490386963,0.6832324862480164,30.747831344604492,82,0,,,,,,,,,,,,,,,,
83,0.5558794140815735,0.4344301223754883,17.306869506835938,83,0,,,,,,,,,,,,,,,,
84,0.39099588990211487,0.3749404847621918,11.964016914367676,84,0,,,,,,,,,,,,,,,,
85,0.23002375662326813,0.30189892649650574,9.222617149353027,85,0,,,,,,,,,,,,,,,,
87,0.3044208884239197,0.3250807821750641,7.821512699127197,86,0,,,,,,,,,,,,,,,,
87,1.0483852624893188,0.7146742343902588,33.99310302734375,87,0,,,,,,,,,,,,,,,,
88,1.1930232048034668,0.7147984504699707,33.13806915283203,88,0,,,,,,,,,,,,,,,,
89,0.21868139505386353,0.26605069637298584,6.5362548828125,89,0,,,,,,,,,,,,,,,,
91,0.3336282968521118,0.36130645871162415,12.849780082702637,90,0,,,,,,,,,,,,,,,,
91,0.13416513800621033,0.23043495416641235,1.467132568359375,91,0,,,,,,,,,,,,,,,,
92,0.21359318494796753,0.2817879915237427,2.271360158920288,92,0,,,,,,,,,,,,,,,,
93,0.589134156703949,0.4742708206176758,16.198720932006836,93,0,,,,,,,,,,,,,,,,
94,0.3911253809928894,0.3795430064201355,16.17327308654785,94,0,,,,,,,,,,,,,,,,
96,0.6546622514724731,0.5306830406188965,20.45134925842285,95,0,,,,,,,,,,,,,,,,
96,0.22298745810985565,0.27276673913002014,7.583451271057129,96,0,,,,,,,,,,,,,,,,
97,0.21887603402137756,0.27261883020401,9.433746337890625,97,0,,,,,,,,,,,,,,,,
98,0.2368239313364029,0.2964789867401123,2.94966459274292,98,0,,,,,,,,,,,,,,,,
99,0.31056416034698486,0.308601975440979,4.203826904296875,99,0,,,,,,,,,,,,,,,,
101,2.2896056175231934,1.0678133964538574,41.55323791503906,100,0,,,,,,,,,,,,,,,,
101,0.4353693723678589,0.4385698735713959,16.314865112304688,101,0,,,,,,,,,,,,,,,,
102,0.3471183776855469,0.3689209818840027,11.728373527526855,102,0,,,,,,,,,,,,,,,,
103,1.206301212310791,0.7663357853889465,30.583030700683594,103,0,,,,,,,,,,,,,,,,
104,0.21765026450157166,0.2677333354949951,8.711814880371094,104,0,,,,,,,,,,,,,,,,
105,0.13196614384651184,0.21889090538024902,4.091866970062256,105,0,,,,,,,,,,,,,,,,
106,0.19565635919570923,0.2757960259914398,6.4560136795043945,106,0,,,,,,,,,,,,,,,,
107,0.3745136260986328,0.39335572719573975,12.124531745910645,107,0,,,,,,,,,,,,,,,,
109,0.3180233836174011,0.3341965079307556,11.055769920349121,108,0,,,,,,,,,,,,,,,,
109,0.18718302249908447,0.25775524973869324,2.252920389175415,109,0,,,,,,,,,,,,,,,,
111,0.40317273139953613,0.4083127975463867,12.861529350280762,110,0,,,,,,,,,,,,,,,,
111,0.28802138566970825,0.34121203422546387,10.785865783691406,111,0,,,,,,,,,,,,,,,,
112,1.7574483156204224,0.9131412506103516,39.427223205566406,112,0,,,,,,,,,,,,,,,,
113,0.23030024766921997,0.30062365531921387,5.540585041046143,113,0,,,,,,,,,,,,,,,,
114,0.5131939649581909,0.4422445595264435,14.90699577331543,114,0,,,,,,,,,,,,,,,,
115,0.29165905714035034,0.3325265347957611,8.055233001708984,115,0,,,,,,,,,,,,,,,,
116,0.7772582769393921,0.6101757287979126,23.27362823486328,116,0,,,,,,,,,,,,,,,,
117,0.3179931938648224,0.3500412106513977,9.903932571411133,117,0,,,,,,,,,,,,,,,,
118,0.19476096332073212,0.25507616996765137,5.490525722503662,118,0,,,,,,,,,,,,,,,,
120,0.2098066508769989,0.2956393361091614,2.3111677169799805,119,0,,,,,,,,,,,,,,,,
120,1.3154442310333252,0.7952331304550171,36.796077728271484,120,0,,,,,,,,,,,,,,,,
121,0.5279183387756348,0.45761919021606445,14.41063404083252,121,0,,,,,,,,,,,,,,,,
122,0.5997351408004761,0.4690166711807251,18.219165802001953,122,0,,,,,,,,,,,,,,,,
123,0.1830035150051117,0.26227623224258423,8.471921920776367,123,0,,,,,,,,,,,,,,,,
125,0.1226143017411232,0.20796112716197968,1.8781712055206299,124,0,,,,,,,,,,,,,,,,
125,1.252525806427002,0.7370585203170776,30.47690200805664,125,0,,,,,,,,,,,,,,,,
126,0.1950114667415619,0.29455623030662537,4.362471580505371,126,0,,,,,,,,,,,,,,,,
127,0.24083973467350006,0.32912805676460266,7.887549877166748,127,0,,,,,,,,,,,,,,,,
129,0.34746646881103516,0.3819614052772522,12.137308120727539,128,0,,,,,,,,,,,,,,,,
129,0.252643346786499,0.349359393119812,9.463863372802734,129,0,,,,,,,,,,,,,,,,
130,1.1691166162490845,0.7366930246353149,23.51811981201172,130,0,,,,,,,,,,,,,,,,
131,0.15960070490837097,0.2503853738307953,5.438760757446289,131,0,,,,,,,,,,,,,,,,
132,0.18387092649936676,0.25836512446403503,3.6459567546844482,132,0,,,,,,,,,,,,,,,,
133,0.4391022324562073,0.4011692404747009,17.316856384277344,133,0,,,,,,,,,,,,,,,,
134,0.4584358334541321,0.42569518089294434,12.821430206298828,134,0,,,,,,,,,,,,,,,,
136,0.3051753044128418,0.3396120071411133,9.380257606506348,135,0,,,,,,,,,,,,,,,,
136,0.22949670255184174,0.29958415031433105,9.547231674194336,136,0,,,,,,,,,,,,,,,,
138,0.15662449598312378,0.24751175940036774,6.7649827003479,137,0,,,,,,,,,,,,,,,,
138,2.3131155967712402,1.094908595085144,44.61256790161133,138,0,,,,,,,,,,,,,,,,
139,0.34030917286872864,0.3601207137107849,11.243123054504395,139,0,,,,,,,,,,,,,,,,
140,0.2790449559688568,0.3369232714176178,9.768974304199219,140,0,,,,,,,,,,,,,,,,
141,0.6946700811386108,0.547650933265686,24.249711990356445,141,0,,,,,,,,,,,,,,,,
142,0.26677945256233215,0.3325117528438568,11.04079818725586,142,0,,,,,,,,,,,,,,,,
143,0.20357561111450195,0.27879905700683594,9.932184219360352,143,0,,,,,,,,,,,,,,,,
144,0.5761426687240601,0.4831693470478058,20.192672729492188,144,0,,,,,,,,,,,,,,,,
145,0.9204530119895935,0.61768639087677,30.184341430664062,145,0,,,,,,,,,,,,,,,,
146,0.2561415433883667,0.2976003885269165,5.47318172454834,146,0,,,,,,,,,,,,,,,,
147,0.17967279255390167,0.273486852645874,6.973333835601807,147,0,,,,,,,,,,,,,,,,
148,0.18261222541332245,0.2565780282020569,5.248847484588623,148,0,,,,,,,,,,,,,,,,
149,0.12052304297685623,0.2433050125837326,4.780879020690918,149,0,,,,,,,,,,,,,,,,
150,0.30143940448760986,0.34154316782951355,12.823782920837402,150,0,,,,,,,,,,,,,,,,
151,0.2784998416900635,0.3280975818634033,7.750669479370117,151,0,,,,,,,,,,,,,,,,
152,0.3081699013710022,0.3305402100086212,13.143643379211426,152,0,,,,,,,,,,,,,,,,
153,0.2615804970264435,0.29496046900749207,7.309199333190918,153,0,,,,,,,,,,,,,,,,
154,0.2889854907989502,0.32935819029808044,10.895687103271484,154,0,,,,,,,,,,,,,,,,
155,0.22041568160057068,0.26532331109046936,8.136906623840332,155,0,,,,,,,,,,,,,,,,
156,0.32527458667755127,0.36153632402420044,12.0553560256958,156,0,,,,,,,,,,,,,,,,
157,0.37513041496276855,0.3837088644504547,15.141219139099121,157,0,,,,,,,,,,,,,,,,
158,1.9476462602615356,1.0081133842468262,37.21445846557617,158,0,,,,,,,,,,,,,,,,
159,0.21301627159118652,0.2712145745754242,7.66917085647583,159,0,,,,,,,,,,,,,,,,
160,0.12537284195423126,0.21964958310127258,3.186774969100952,160,0,,,,,,,,,,,,,,,,
161,0.6674421429634094,0.5485516786575317,23.86625862121582,161,0,,,,,,,,,,,,,,,,
162,0.5284367799758911,0.457177996635437,17.100439071655273,162,0,,,,,,,,,,,,,,,,
163,0.9181778430938721,0.638566255569458,27.30794906616211,163,0,,,,,,,,,,,,,,,,
164,0.1918901950120926,0.26205572485923767,6.7438788414001465,164,0,,,,,,,,,,,,,,,,
165,0.3768182396888733,0.3810442090034485,10.704926490783691,165,0,,,,,,,,,,,,,,,,
166,0.22312551736831665,0.28750765323638916,9.406214714050293,166,0,,,,,,,,,,,,,,,,
167,0.4178350567817688,0.39042535424232483,19.960622787475586,167,0,,,,,,,,,,,,,,,,
168,0.5879898071289062,0.5214366912841797,18.533472061157227,168,0,,,,,,,,,,,,,,,,
169,0.21787631511688232,0.25522130727767944,4.777591705322266,169,0,,,,,,,,,,,,,,,,
170,0.1484156996011734,0.2336071878671646,4.329714298248291,170,0,,,,,,,,,,,,,,,,
171,1.7514442205429077,0.9470826387405396,40.73905944824219,171,0,,,,,,,,,,,,,,,,
172,2.082496404647827,1.0113199949264526,33.93865203857422,172,0,,,,,,,,,,,,,,,,
173,0.21355986595153809,0.2814134359359741,5.879718780517578,173,0,,,,,,,,,,,,,,,,
174,0.3642329275608063,0.36735832691192627,12.803386688232422,174,0,,,,,,,,,,,,,,,,
175,0.20174863934516907,0.29415076971054077,4.355675220489502,175,0,,,,,,,,,,,,,,,,
176,0.27447792887687683,0.3342401385307312,8.190143585205078,176,0,,,,,,,,,,,,,,,,
177,0.4757425785064697,0.44454413652420044,13.235210418701172,177,0,,,,,,,,,,,,,,,,
178,0.47615453600883484,0.42784327268600464,16.163684844970703,178,0,,,,,,,,,,,,,,,,
179,0.2497258335351944,0.3249759078025818,9.025586128234863,179,0,,,,,,,,,,,,,,,,
180,0.6018332242965698,0.49808260798454285,16.96477699279785,180,0,,,,,,,,,,,,,,,,
182,0.6018780469894409,0.46160173416137695,20.629697799682617,181,0,,,,,,,,,,,,,,,,
182,2.283174514770508,1.0219926834106445,45.2252197265625,182,0,,,,,,,,,,,,,,,,
183,0.2301519811153412,0.2954564392566681,7.777915954589844,183,0,,,,,,,,,,,,,,,,
184,0.14342480897903442,0.2279067188501358,1.4378482103347778,184,0,,,,,,,,,,,,,,,,
185,0.22804798185825348,0.28795942664146423,4.349942207336426,185,0,,,,,,,,,,,,,,,,
186,0.15006430447101593,0.24491508305072784,3.80165958404541,186,0,,,,,,,,,,,,,,,,
187,0.43204015493392944,0.4020601511001587,10.915693283081055,187,0,,,,,,,,,,,,,,,,
188,0.3783578872680664,0.3338845372200012,10.608010292053223,188,0,,,,,,,,,,,,,,,,
189,0.36844226717948914,0.35817259550094604,10.402268409729004,189,0,,,,,,,,,,,,,,,,
190,0.24552451074123383,0.2886301279067993,4.469634056091309,190,0,,,,,,,,,,,,,,,,
191,0.2358325719833374,0.2855418920516968,4.32869291305542,191,0,,,,,,,,,,,,,,,,
192,0.39745357632637024,0.38802462816238403,11.239924430847168,192,0,,,,,,,,,,,,,,,,
194,0.8597375750541687,0.6053631901741028,21.302331924438477,193,0,,,,,,,,,,,,,,,,
194,0.38518792390823364,0.3815962076187134,9.446568489074707,194,0,,,,,,,,,,,,,,,,
195,0.25635963678359985,0.3394865095615387,3.537717342376709,195,0,,,,,,,,,,,,,,,,
196,1.2526493072509766,0.7449370622634888,28.54220199584961,196,0,,,,,,,,,,,,,,,,
197,0.23067039251327515,0.2675156593322754,4.256962299346924,197,0,,,,,,,,,,,,,,,,
198,0.894041121006012,0.612625241279602,24.201698303222656,198,0,,,,,,,,,,,,,,,,
199,0.4354390501976013,0.40495821833610535,15.284445762634277,199,0,,,,,,,,,,,,,,,,
200,1.0136302709579468,0.6752244234085083,21.55436134338379,200,0,,,,,,,,,,,,,,,,
201,0.720416247844696,0.5237860083580017,22.860681533813477,201,0,,,,,,,,,,,,,,,,
202,0.34689778089523315,0.32689958810806274,10.886544227600098,202,0,,,,,,,,,,,,,,,,
203,0.20372410118579865,0.27083998918533325,3.4032061100006104,203,0,,,,,,,,,,,,,,,,
204,2.430466651916504,1.0968711376190186,41.498748779296875,204,0,,,,,,,,,,,,,,,,
205,0.7515484690666199,0.5718965530395508,22.620403289794922,205,0,,,,,,,,,,,,,,,,
206,0.8801593780517578,0.5996149778366089,22.073440551757812,206,0,,,,,,,,,,,,,,,,
207,0.34386104345321655,0.344664990901947,8.175458908081055,207,0,,,,,,,,,,,,,,,,
209,0.37419164180755615,0.3859655261039734,5.881512641906738,208,0,,,,,,,,,,,,,,,,
209,1.134310007095337,0.6974082589149475,26.68216323852539,209,0,,,,,,,,,,,,,,,,
210,0.2088485062122345,0.27979594469070435,3.7296042442321777,210,0,,,,,,,,,,,,,,,,
211,0.29066309332847595,0.3249916434288025,2.2851736545562744,211,0,,,,,,,,,,,,,,,,
212,0.5156572461128235,0.4446040689945221,13.02942943572998,212,0,,,,,,,,,,,,,,,,
214,1.2659915685653687,0.7627780437469482,29.17905616760254,213,0,,,,,,,,,,,,,,,,
214,0.47070544958114624,0.42503607273101807,13.780632972717285,214,0,,,,,,,,,,,,,,,,
215,0.25124621391296387,0.3241015374660492,1.5513914823532104,215,0,,,,,,,,,,,,,,,,
216,0.2424224615097046,0.30283796787261963,4.998279571533203,216,0,,,,,,,,,,,,,,,,
217,0.9207476377487183,0.5925830602645874,23.921932220458984,217,0,,,,,,,,,,,,,,,,
218,0.3341553807258606,0.34425947070121765,9.178386688232422,218,0,,,,,,,,,,,,,,,,
219,0.7728209495544434,0.5570508241653442,19.384613037109375,219,0,,,,,,,,,,,,,,,,
220,1.3567479848861694,0.7676399946212769,32.28987503051758,220,0,,,,,,,,,,,,,,,,
221,1.2906416654586792,0.7393771409988403,30.999752044677734,221,0,,,,,,,,,,,,,,,,
223,1.0780346393585205,0.7069257497787476,30.106124877929688,222,0,,,,,,,,,,,,,,,,
223,1.1957948207855225,0.7660080194473267,27.287593841552734,223,0,,,,,,,,,,,,,,,,
224,0.25797778367996216,0.29061001539230347,7.52539587020874,224,0,,,,,,,,,,,,,,,,
225,0.4544716477394104,0.43523848056793213,15.249985694885254,225,0,,,,,,,,,,,,,,,,
226,1.245253562927246,0.7635853886604309,27.740663528442383,226,0,,,,,,,,,,,,,,,,
227,1.4480693340301514,0.7917815446853638,29.33026695251465,227,0,,,,,,,,,,,,,,,,
228,0.2658195495605469,0.3013457655906677,6.522747039794922,228,0,,,,,,,,,,,,,,,,
229,0.2906638979911804,0.32675260305404663,6.9445319175720215,229,0,,,,,,,,,,,,,,,,
230,1.1903783082962036,0.7094607949256897,23.234508514404297,230,0,,,,,,,,,,,,,,,,
231,0.34224551916122437,0.3806430697441101,8.143637657165527,231,0,,,,,,,,,,,,,,,,
232,1.7218966484069824,0.9275056719779968,30.21586799621582,232,0,,,,,,,,,,,,,,,,
233,0.9983401298522949,0.6828827857971191,19.065807342529297,233,0,,,,,,,,,,,,,,,,
234,1.2226054668426514,0.7484549283981323,25.558456420898438,234,0,,,,,,,,,,,,,,,,
235,0.6369965076446533,0.5542526245117188,15.090023040771484,235,0,,,,,,,,,,,,,,,,
236,0.8566535115242004,0.5795085430145264,19.546810150146484,236,0,,,,,,,,,,,,,,,,
237,0.3035036623477936,0.32319459319114685,7.6743035316467285,237,0,,,,,,,,,,,,,,,,
238,2.8729968070983887,1.2590984106063843,36.33145523071289,238,0,,,,,,,,,,,,,,,,
239,2.6577224731445312,1.141220211982727,35.09230041503906,239,0,,,,,,,,,,,,,,,,
240,0.3962564468383789,0.40590962767601013,11.997308731079102,240,0,,,,,,,,,,,,,,,,
241,2.1904942989349365,1.1220417022705078,39.54472351074219,241,0,,,,,,,,,,,,,,,,
242,1.2571234703063965,0.7402350902557373,26.732864379882812,242,0,,,,,,,,,,,,,,,,
243,0.7937221527099609,0.6044406890869141,18.553382873535156,243,0,,,,,,,,,,,,,,,,
244,1.189829707145691,0.6887344717979431,22.718111038208008,244,0,,,,,,,,,,,,,,,,
245,1.5310914516448975,0.7898141741752625,28.48336410522461,245,0,,,,,,,,,,,,,,,,
246,0.9443689584732056,0.6237497329711914,18.94955062866211,246,0,,,,,,,,,,,,,,,,
247,0.5359524488449097,0.44808757305145264,12.799234390258789,247,0,,,,,,,,,,,,,,,,
248,0.5094358921051025,0.45111554861068726,14.305587768554688,248,0,,,,,,,,,,,,,,,,
249,1.2682009935379028,0.773327112197876,30.57849884033203,249,0,,,,,,,,,,,,,,,,
250,0.8129447102546692,0.6226723194122314,25.155546188354492,250,0,,,,,,,,,,,,,,,,
251,1.8494406938552856,0.9554504156112671,32.31253433227539,251,0,,,,,,,,,,,,,,,,
252,0.25054097175598145,0.2962968349456787,3.9531071186065674,252,0,,,,,,,,,,,,,,,,
253,0.23830066621303558,0.30951449275016785,4.589155197143555,253,0,,,,,,,,,,,,,,,,
254,0.3271976709365845,0.32943764328956604,3.231419801712036,254,0,,,,,,,,,,,,,,,,
255,1.789964199066162,0.9659856557846069,30.64020538330078,255,0,,,,,,,,,,,,,,,,
256,0.5682410001754761,0.47267651557922363,14.005525588989258,256,0,,,,,,,,,,,,,,,,
257,0.25843238830566406,0.3046107292175293,5.064402103424072,257,0,,,,,,,,,,,,,,,,
258,1.294532299041748,0.781048059463501,23.361412048339844,258,0,,,,,,,,,,,,,,,,
259,0.20673266053199768,0.2789749503135681,2.461756944656372,259,0,,,,,,,,,,,,,,,,
260,0.3567335605621338,0.38382959365844727,10.04518985748291,260,0,,,,,,,,,,,,,,,,
261,1.3803019523620605,0.7857624292373657,23.40461540222168,261,0,,,,,,,,,,,,,,,,
262,0.9463925957679749,0.6332301497459412,21.644500732421875,262,0,,,,,,,,,,,,,,,,
263,0.8237003087997437,0.5686613321304321,20.820480346679688,263,0,,,,,,,,,,,,,,,,
264,2.285947322845459,1.0797289609909058,33.9412727355957,264,0,,,,,,,,,,,,,,,,
265,1.5202538967132568,0.8369905948638916,29.208757400512695,265,0,,,,,,,,,,,,,,,,
266,2.3372416496276855,1.117866039276123,35.90861129760742,266,0,,,,,,,,,,,,,,,,
267,0.44967228174209595,0.4062116742134094,10.894161224365234,267,0,,,,,,,,,,,,,,,,
268,0.8676208853721619,0.6170752048492432,23.826923370361328,268,0,,,,,,,,,,,,,,,,
269,0.47058841586112976,0.43005913496017456,10.145103454589844,269,0,,,,,,,,,,,,,,,,
270,0.27329710125923157,0.30839991569519043,4.061654090881348,270,0,,,,,,,,,,,,,,,,
271,0.5642311573028564,0.47931548953056335,14.585482597351074,271,0,,,,,,,,,,,,,,,,
272,2.6864147186279297,1.2273635864257812,40.52217102050781,272,0,,,,,,,,,,,,,,,,
273,0.8014612793922424,0.5402151942253113,20.79531478881836,273,0,,,,,,,,,,,,,,,,
274,1.346329689025879,0.781234860420227,27.228208541870117,274,0,,,,,,,,,,,,,,,,
275,1.429703950881958,0.7990891337394714,28.067676544189453,275,0,,,,,,,,,,,,,,,,
276,0.4709395170211792,0.4323234260082245,10.206587791442871,276,0,,,,,,,,,,,,,,,,
277,0.3371203541755676,0.34585559368133545,6.875441551208496,277,0,,,,,,,,,,,,,,,,
278,2.457394599914551,1.1008094549179077,41.732635498046875,278,0,,,,,,,,,,,,,,,,
279,0.5929983854293823,0.4762517511844635,13.837777137756348,279,0,,,,,,,,,,,,,,,,
280,1.4865100383758545,0.8330020308494568,25.527971267700195,280,0,,,,,,,,,,,,,,,,
281,0.811341404914856,0.5839712023735046,11.584517478942871,281,0,,,,,,,,,,,,,,,,
282,1.1839301586151123,0.6963597536087036,25.910181045532227,282,0,,,,,,,,,,,,,,,,
283,2.7705397605895996,1.1980345249176025,34.99105453491211,283,0,,,,,,,,,,,,,,,,
284,0.4410310983657837,0.45101243257522583,9.234295845031738,284,0,,,,,,,,,,,,,,,,
285,1.3680505752563477,0.8437999486923218,22.836450576782227,285,0,,,,,,,,,,,,,,,,
286,1.1850059032440186,0.7263665199279785,16.567853927612305,286,0,,,,,,,,,,,,,,,,
287,2.6334261894226074,1.1506037712097168,36.433746337890625,287,0,,,,,,,,,,,,,,,,
288,0.5738504528999329,0.4619804620742798,8.730328559875488,288,0,,,,,,,,,,,,,,,,
289,0.23644089698791504,0.30736619234085083,2.3506662845611572,289,0,,,,,,,,,,,,,,,,
290,0.7284841537475586,0.5832494497299194,15.765192031860352,290,0,,,,,,,,,,,,,,,,
291,0.4969027638435364,0.4797554910182953,12.096336364746094,291,0,,,,,,,,,,,,,,,,
292,0.8503571152687073,0.5373162031173706,17.151687622070312,292,0,,,,,,,,,,,,,,,,
293,0.46559450030326843,0.38397812843322754,9.196210861206055,293,0,,,,,,,,,,,,,,,,
294,0.5719578266143799,0.44162628054618835,12.024486541748047,294,0,,,,,,,,,,,,,,,,
295,0.9250229001045227,0.6020615696907043,20.111618041992188,295,0,,,,,,,,,,,,,,,,
296,1.68375563621521,0.9214767217636108,27.707300186157227,296,0,,,,,,,,,,,,,,,,
297,0.8656941652297974,0.6210469007492065,14.848445892333984,297,0,,,,,,,,,,,,,,,,
298,0.4939539432525635,0.44863054156303406,8.832247734069824,298,0,,,,,,,,,,,,,,,,
299,0.6373278498649597,0.512094259262085,12.984612464904785,299,0,,,,,,,,,,,,,,,,
300,1.7719866037368774,0.8923245668411255,29.28702163696289,300,0,,,,,,,,,,,,,,,,
301,1.3455655574798584,0.7785947322845459,21.22498321533203,301,0,,,,,,,,,,,,,,,,
302,0.9097645878791809,0.5997422337532043,18.73910903930664,302,0,,,,,,,,,,,,,,,,
303,0.96067214012146,0.6456320285797119,16.008623123168945,303,0,,,,,,,,,,,,,,,,
304,1.4899754524230957,0.7902716994285583,21.650712966918945,304,0,,,,,,,,,,,,,,,,
305,2.0741612911224365,1.0458788871765137,27.74795150756836,305,0,,,,,,,,,,,,,,,,
306,0.8261675834655762,0.5646711587905884,15.854042053222656,306,0,,,,,,,,,,,,,,,,
307,0.6779594421386719,0.5333044528961182,12.414483070373535,307,0,,,,,,,,,,,,,,,,
308,0.3759971261024475,0.36612212657928467,7.574437618255615,308,0,,,,,,,,,,,,,,,,
310,1.146254062652588,0.6929490566253662,24.77556800842285,309,0,,,,,,,,,,,,,,,,
310,1.5658025741577148,0.8293452858924866,23.02187156677246,310,0,,,,,,,,,,,,,,,,
311,0.7416815757751465,0.5949400663375854,15.227778434753418,311,0,,,,,,,,,,,,,,,,
312,1.454716444015503,0.8390030264854431,20.588674545288086,312,0,,,,,,,,,,,,,,,,
313,0.9111906886100769,0.6395843029022217,15.52425765991211,313,0,,,,,,,,,,,,,,,,
314,1.2221646308898926,0.7286043167114258,21.56557846069336,314,0,,,,,,,,,,,,,,,,
315,2.122802734375,0.9584559798240662,36.299652099609375,315,0,,,,,,,,,,,,,,,,
316,0.982793927192688,0.6711901426315308,18.724245071411133,316,0,,,,,,,,,,,,,,,,
317,0.9523768424987793,0.6309057474136353,16.27191734313965,317,0,,,,,,,,,,,,,,,,
318,1.17437744140625,0.7663427591323853,22.993925094604492,318,0,,,,,,,,,,,,,,,,
319,0.6410041451454163,0.5101149678230286,14.741178512573242,319,0,,,,,,,,,,,,,,,,
320,0.9832441806793213,0.6427177786827087,19.335472106933594,320,0,,,,,,,,,,,,,,,,
321,2.924022674560547,1.284592628479004,36.62851333618164,321,0,,,,,,,,,,,,,,,,
322,1.1136767864227295,0.6891734600067139,16.088428497314453,322,0,,,,,,,,,,,,,,,,
323,1.9032177925109863,0.9746336936950684,24.150671005249023,323,0,,,,,,,,,,,,,,,,
324,1.5222055912017822,0.713568925857544,17.039140701293945,324,0,,,,,,,,,,,,,,,,
325,0.8932963609695435,0.5988608598709106,14.297325134277344,325,0,,,,,,,,,,,,,,,,
326,0.9709741473197937,0.6581102013587952,17.09233856201172,326,0,,,,,,,,,,,,,,,,
327,0.5816468596458435,0.43782326579093933,12.240872383117676,327,0,,,,,,,,,,,,,,,,
328,1.7331725358963013,0.9006582498550415,24.91944694519043,328,0,,,,,,,,,,,,,,,,
329,0.6713716983795166,0.5445495843887329,7.050717830657959,329,0,,,,,,,,,,,,,,,,
330,2.4714696407318115,1.035562515258789,28.90851402282715,330,0,,,,,,,,,,,,,,,,
331,2.408228874206543,1.1513456106185913,31.125083923339844,331,0,,,,,,,,,,,,,,,,
332,0.3308044672012329,0.3670632243156433,8.907588005065918,332,0,,,,,,,,,,,,,,,,
333,0.4955868721008301,0.4762182831764221,8.27894401550293,333,0,,,,,,,,,,,,,,,,
334,0.8848991990089417,0.608067512512207,15.679560661315918,334,0,,,,,,,,,,,,,,,,
335,0.4075644314289093,0.3958635926246643,7.204703330993652,335,0,,,,,,,,,,,,,,,,
336,2.078237295150757,0.9752482771873474,42.695953369140625,336,0,,,,,,,,,,,,,,,,
337,0.9659717679023743,0.6703458428382874,18.068552017211914,337,0,,,,,,,,,,,,,,,,
338,0.42415952682495117,0.4375617802143097,7.438136577606201,338,0,,,,,,,,,,,,,,,,
339,1.430734395980835,0.8074322938919067,26.800386428833008,339,0,,,,,,,,,,,,,,,,
340,1.567541241645813,0.8588037490844727,22.688228607177734,340,0,,,,,,,,,,,,,,,,
341,0.6929295659065247,0.5411086082458496,13.10412883758545,341,0,,,,,,,,,,,,,,,,
342,0.6319705247879028,0.4865236282348633,10.806142807006836,342,0,,,,,,,,,,,,,,,,
343,2.528463363647461,1.1197320222854614,34.035064697265625,343,0,,,,,,,,,,,,,,,,
344,1.1234979629516602,0.6904856562614441,15.296051025390625,344,0,,,,,,,,,,,,,,,,
345,0.6083258390426636,0.4853518605232239,10.945152282714844,345,0,,,,,,,,,,,,,,,,
346,0.546608567237854,0.47067195177078247,11.146201133728027,346,0,,,,,,,,,,,,,,,,
347,0.8217545747756958,0.596532940864563,14.978583335876465,347,0,,,,,,,,,,,,,,,,
348,0.7462638020515442,0.5556896924972534,14.74026107788086,348,0,,,,,,,,,,,,,,,,
349,0.6511887311935425,0.497188001871109,6.815847873687744,349,0,,,,,,,,,,,,,,,,
350,0.4705166220664978,0.4258299767971039,5.457369327545166,350,0,,,,,,,,,,,,,,,,
351,0.6331298351287842,0.4753388464450836,6.324498176574707,351,0,,,,,,,,,,,,,,,,
352,0.3412368893623352,0.3758324980735779,4.6622490882873535,352,0,,,,,,,,,,,,,,,,
353,0.7736331224441528,0.5735695958137512,13.405675888061523,353,0,,,,,,,,,,,,,,,,
354,0.7824727892875671,0.5694208145141602,14.695802688598633,354,0,,,,,,,,,,,,,,,,
355,1.604353427886963,0.8668520450592041,19.91653060913086,355,0,,,,,,,,,,,,,,,,
356,1.0592354536056519,0.6827596426010132,19.091890335083008,356,0,,,,,,,,,,,,,,,,
357,0.8197677135467529,0.6055734157562256,15.162312507629395,357,0,,,,,,,,,,,,,,,,
358,0.6563727259635925,0.5226088166236877,10.69456672668457,358,0,,,,,,,,,,,,,,,,
359,0.6810100674629211,0.5231168866157532,13.380002975463867,359,0,,,,,,,,,,,,,,,,
360,1.0836756229400635,0.7168371677398682,16.16713523864746,360,0,,,,,,,,,,,,,,,,
361,1.0909942388534546,0.6756506562232971,12.084558486938477,361,0,,,,,,,,,,,,,,,,
362,1.8491016626358032,1.012516736984253,27.26847267150879,362,0,,,,,,,,,,,,,,,,
363,2.2534053325653076,1.1182783842086792,24.874160766601562,363,0,,,,,,,,,,,,,,,,
364,0.6416394710540771,0.4898447096347809,12.657754898071289,364,0,,,,,,,,,,,,,,,,
365,1.326302409172058,0.7706252336502075,16.17991828918457,365,0,,,,,,,,,,,,,,,,
366,0.5706601142883301,0.44752568006515503,8.151663780212402,366,0,,,,,,,,,,,,,,,,
367,0.5351264476776123,0.4453465938568115,9.703103065490723,367,0,,,,,,,,,,,,,,,,
368,0.8368955254554749,0.6084743738174438,16.41623306274414,368,0,,,,,,,,,,,,,,,,
369,0.6838724613189697,0.5435459613800049,8.390544891357422,369,0,,,,,,,,,,,,,,,,
370,0.5618932843208313,0.5021941661834717,11.878290176391602,370,0,,,,,,,,,,,,,,,,
371,2.7337229251861572,1.1820087432861328,33.06005859375,371,0,,,,,,,,,,,,,,,,
372,1.2699635028839111,0.7642742395401001,22.98586654663086,372,0,,,,,,,,,,,,,,,,
373,1.348936915397644,0.7997216582298279,24.049503326416016,373,0,,,,,,,,,,,,,,,,
374,1.9880435466766357,0.9961865544319153,26.431819915771484,374,0,,,,,,,,,,,,,,,,
375,2.220637798309326,1.0564346313476562,31.087657928466797,375,0,,,,,,,,,,,,,,,,
376,2.220407009124756,1.0868325233459473,25.99978256225586,376,0,,,,,,,,,,,,,,,,
377,1.1382052898406982,0.6820272207260132,19.142826080322266,377,0,,,,,,,,,,,,,,,,
378,0.5295398831367493,0.45397740602493286,9.32083511352539,378,0,,,,,,,,,,,,,,,,
379,0.628788948059082,0.5206640958786011,10.368946075439453,379,0,,,,,,,,,,,,,,,,
380,1.0027772188186646,0.6773998737335205,12.09990406036377,380,0,,,,,,,,,,,,,,,,
381,0.6210649609565735,0.4929339289665222,10.399178504943848,381,0,,,,,,,,,,,,,,,,
382,1.198812484741211,0.7706282138824463,16.637807846069336,382,0,,,,,,,,,,,,,,,,
383,0.7188873291015625,0.49824583530426025,14.474666595458984,383,0,,,,,,,,,,,,,,,,
384,1.42764413356781,0.834884524345398,19.294721603393555,384,0,,,,,,,,,,,,,,,,
385,0.7975156307220459,0.5680323243141174,18.163877487182617,385,0,,,,,,,,,,,,,,,,
386,1.5077037811279297,0.8734704256057739,20.07459259033203,386,0,,,,,,,,,,,,,,,,
387,1.4252963066101074,0.8014319539070129,12.317980766296387,387,0,,,,,,,,,,,,,,,,
388,0.8246402144432068,0.541000247001648,14.2987060546875,388,0,,,,,,,,,,,,,,,,
389,2.446434736251831,1.1364269256591797,34.04374313354492,389,0,,,,,,,,,,,,,,,,
390,0.48603516817092896,0.42808613181114197,9.274785995483398,390,0,,,,,,,,,,,,,,,,
391,0.6044331789016724,0.46400192379951477,9.365757942199707,391,0,,,,,,,,,,,,,,,,
392,0.6242687106132507,0.4770622253417969,4.956308364868164,392,0,,,,,,,,,,,,,,,,
393,1.2477529048919678,0.7097389698028564,18.88005828857422,393,0,,,,,,,,,,,,,,,,
394,0.3831627368927002,0.3874751329421997,6.65293025970459,394,0,,,,,,,,,,,,,,,,
395,0.4300984740257263,0.40141764283180237,5.105154991149902,395,0,,,,,,,,,,,,,,,,
396,1.4121778011322021,0.7833783626556396,13.797077178955078,396,0,,,,,,,,,,,,,,,,
397,0.5580500364303589,0.5005540251731873,10.880855560302734,397,0,,,,,,,,,,,,,,,,
398,2.1523778438568115,1.0468751192092896,30.617549896240234,398,0,,,,,,,,,,,,,,,,
399,1.2509918212890625,0.7705894708633423,20.189130783081055,399,0,,,,,,,,,,,,,,,,
400,0.4748917520046234,0.4156561493873596,8.72001838684082,400,0,,,,,,,,,,,,,,,,
401,1.6230477094650269,0.8886361122131348,17.688982009887695,401,0,,,,,,,,,,,,,,,,
402,2.058307647705078,1.020611047744751,33.25395202636719,402,0,,,,,,,,,,,,,,,,
403,0.879149854183197,0.6537601947784424,16.195322036743164,403,0,,,,,,,,,,,,,,,,
404,2.0813803672790527,0.9903801679611206,24.003843307495117,404,0,,,,,,,,,,,,,,,,
405,0.34075111150741577,0.37666523456573486,6.659870624542236,405,0,,,,,,,,,,,,,,,,
406,1.123427391052246,0.6899182200431824,20.686309814453125,406,0,,,,,,,,,,,,,,,,
407,0.39386534690856934,0.3888561427593231,4.765414237976074,407,0,,,,,,,,,,,,,,,,
408,1.8944437503814697,0.902126133441925,19.84105110168457,408,0,,,,,,,,,,,,,,,,
409,0.4068939685821533,0.4141463041305542,8.231575965881348,409,0,,,,,,,,,,,,,,,,
410,1.1675827503204346,0.7576220631599426,16.929304122924805,410,0,,,,,,,,,,,,,,,,
411,1.293825387954712,0.7512820363044739,16.490100860595703,411,0,,,,,,,,,,,,,,,,
412,1.2540340423583984,0.7413290739059448,29.079477310180664,412,0,,,,,,,,,,,,,,,,
413,1.0602331161499023,0.6652857661247253,19.08580207824707,413,0,,,,,,,,,,,,,,,,
414,0.9761345386505127,0.6651796102523804,15.41088581085205,414,0,,,,,,,,,,,,,,,,
415,1.0059590339660645,0.6321565508842468,17.595233917236328,415,0,,,,,,,,,,,,,,,,
416,0.552586555480957,0.47256338596343994,13.63437557220459,416,0,,,,,,,,,,,,,,,,
417,0.7973532676696777,0.5767941474914551,11.65652847290039,417,0,,,,,,,,,,,,,,,,
418,2.996124744415283,1.1531920433044434,43.88783645629883,418,0,,,,,,,,,,,,,,,,
419,1.4078084230422974,0.7902477979660034,22.026180267333984,419,0,,,,,,,,,,,,,,,,
420,1.1724152565002441,0.6974582672119141,10.766741752624512,420,0,,,,,,,,,,,,,,,,
421,0.8815896511077881,0.5734849572181702,14.556133270263672,421,0,,,,,,,,,,,,,,,,
422,0.774215042591095,0.5578727722167969,14.672120094299316,422,0,,,,,,,,,,,,,,,,
423,0.8622460961341858,0.586683988571167,15.159433364868164,423,0,,,,,,,,,,,,,,,,
424,0.810734748840332,0.5969939231872559,17.50018310546875,424,0,,,,,,,,,,,,,,,,
425,0.717654824256897,0.5395951271057129,11.671131134033203,425,0,,,,,,,,,,,,,,,,
426,0.9247585535049438,0.6894082427024841,21.18853759765625,426,0,,,,,,,,,,,,,,,,
427,1.4035618305206299,0.8039131164550781,26.17786979675293,427,0,,,,,,,,,,,,,,,,
428,0.834971010684967,0.6047142744064331,15.369620323181152,428,0,,,,,,,,,,,,,,,,
429,0.35238200426101685,0.40430009365081787,8.766034126281738,429,0,,,,,,,,,,,,,,,,
430,0.46452897787094116,0.4383128881454468,11.226973533630371,430,0,,,,,,,,,,,,,,,,
431,2.2537307739257812,1.0440168380737305,22.729961395263672,431,0,,,,,,,,,,,,,,,,
432,0.9850652813911438,0.5975238680839539,15.169998168945312,432,0,,,,,,,,,,,,,,,,
433,0.6346815824508667,0.5047463178634644,10.919490814208984,433,0,,,,,,,,,,,,,,,,
434,0.7102134227752686,0.5532160997390747,11.007342338562012,434,0,,,,,,,,,,,,,,,,
435,1.0668097734451294,0.6579853892326355,21.11305809020996,435,0,,,,,,,,,,,,,,,,
436,1.4914302825927734,0.8406602144241333,21.54930877685547,436,0,,,,,,,,,,,,,,,,
437,0.8750306963920593,0.6160612106323242,15.346087455749512,437,0,,,,,,,,,,,,,,,,
438,0.7692359685897827,0.5366448760032654,14.958751678466797,438,0,,,,,,,,,,,,,,,,
439,0.5539745092391968,0.46641719341278076,9.744356155395508,439,0,,,,,,,,,,,,,,,,
440,0.8821997046470642,0.6592913866043091,14.314099311828613,440,0,,,,,,,,,,,,,,,,
441,1.10774564743042,0.6730272769927979,14.620987892150879,441,0,,,,,,,,,,,,,,,,
442,1.0276602506637573,0.6652272939682007,14.623451232910156,442,0,,,,,,,,,,,,,,,,
443,2.1244232654571533,1.027127742767334,24.202041625976562,443,0,,,,,,,,,,,,,,,,
444,1.0178613662719727,0.6414127945899963,16.486774444580078,444,0,,,,,,,,,,,,,,,,
445,1.4090392589569092,0.7499423027038574,20.138004302978516,445,0,,,,,,,,,,,,,,,,
446,1.4060006141662598,0.808999240398407,24.55679702758789,446,0,,,,,,,,,,,,,,,,
447,2.3416593074798584,1.0855000019073486,27.223012924194336,447,0,,,,,,,,,,,,,,,,
448,0.6598767042160034,0.5541869401931763,6.6071457862854,448,0,,,,,,,,,,,,,,,,
449,1.2313553094863892,0.7484492063522339,23.66098976135254,449,0,,,,,,,,,,,,,,,,
450,1.679540753364563,0.9117624759674072,28.450197219848633,450,0,,,,,,,,,,,,,,,,
451,1.4244794845581055,0.7406433820724487,15.914518356323242,451,0,,,,,,,,,,,,,,,,
452,0.7420140504837036,0.5559056997299194,14.927549362182617,452,0,,,,,,,,,,,,,,,,
453,0.5820516347885132,0.49118125438690186,8.592377662658691,453,0,,,,,,,,,,,,,,,,
454,0.5511660575866699,0.5050845742225647,9.723522186279297,454,0,,,,,,,,,,,,,,,,
455,1.0303668975830078,0.7015429139137268,11.364913940429688,455,0,,,,,,,,,,,,,,,,
456,1.4370166063308716,0.7904981374740601,18.249408721923828,456,0,,,,,,,,,,,,,,,,
457,0.6073160171508789,0.5377504825592041,10.37830638885498,457,0,,,,,,,,,,,,,,,,
458,0.32942384481430054,0.3917321264743805,6.017577171325684,458,0,,,,,,,,,,,,,,,,
460,0.8250235319137573,0.5610436797142029,7.520905017852783,459,0,,,,,,,,,,,,,,,,
460,0.5085076093673706,0.428356409072876,10.114310264587402,460,0,,,,,,,,,,,,,,,,
461,0.527712345123291,0.4773995876312256,9.216120719909668,461,0,,,,,,,,,,,,,,,,
462,1.3162057399749756,0.7556138038635254,20.446664810180664,462,0,,,,,,,,,,,,,,,,
463,0.5601673126220703,0.5221859216690063,4.249767303466797,463,0,,,,,,,,,,,,,,,,
464,1.121525526046753,0.6738083958625793,16.069904327392578,464,0,,,,,,,,,,,,,,,,
465,1.9780330657958984,1.0485360622406006,29.251192092895508,465,0,,,,,,,,,,,,,,,,
467,0.8501555323600769,0.593616783618927,21.88284683227539,466,0,,,,,,,,,,,,,,,,
467,0.48736944794654846,0.4137204885482788,6.220677852630615,467,0,,,,,,,,,,,,,,,,
469,0.8479890823364258,0.5646345615386963,14.856828689575195,468,0,,,,,,,,,,,,,,,,
469,1.2411720752716064,0.7318781018257141,17.611526489257812,469,0,,,,,,,,,,,,,,,,
470,0.3702548146247864,0.3778601288795471,7.214107513427734,470,0,,,,,,,,,,,,,,,,
471,0.9415996670722961,0.6222193837165833,14.182093620300293,471,0,,,,,,,,,,,,,,,,
472,1.0400135517120361,0.6756649017333984,17.973827362060547,472,0,,,,,,,,,,,,,,,,
474,1.1351208686828613,0.6905637979507446,30.058536529541016,473,0,,,,,,,,,,,,,,,,
474,1.4918888807296753,0.8297607898712158,22.665054321289062,474,0,,,,,,,,,,,,,,,,
475,1.158821940422058,0.6953282952308655,17.802114486694336,475,0,,,,,,,,,,,,,,,,
476,2.3777458667755127,1.0691072940826416,24.28723907470703,476,0,,,,,,,,,,,,,,,,
477,0.9897260665893555,0.6589482426643372,18.146221160888672,477,0,,,,,,,,,,,,,,,,
478,1.1601933240890503,0.7231771349906921,15.8290433883667,478,0,,,,,,,,,,,,,,,,
479,0.4336409270763397,0.4064074158668518,7.018017768859863,479,0,,,,,,,,,,,,,,,,
480,0.941432774066925,0.619379460811615,17.453920364379883,480,0,,,,,,,,,,,,,,,,
481,0.4092482924461365,0.38459402322769165,5.839076519012451,481,0,,,,,,,,,,,,,,,,
482,0.5701421499252319,0.45171695947647095,9.865069389343262,482,0,,,,,,,,,,,,,,,,
483,0.7245399951934814,0.525959849357605,7.840627193450928,483,0,,,,,,,,,,,,,,,,
484,1.5651969909667969,0.8667078614234924,31.79907989501953,484,0,,,,,,,,,,,,,,,,
485,0.6844266653060913,0.5569072961807251,11.687065124511719,485,0,,,,,,,,,,,,,,,,
486,0.4908733069896698,0.446349561214447,7.196619987487793,486,0,,,,,,,,,,,,,,,,
487,0.4075709581375122,0.39975705742836,3.5941503047943115,487,0,,,,,,,,,,,,,,,,
489,1.2470533847808838,0.7080795168876648,18.47429847717285,488,0,,,,,,,,,,,,,,,,
489,0.8642218112945557,0.5744548439979553,13.836612701416016,489,0,,,,,,,,,,,,,,,,
490,3.3570210933685303,1.428856372833252,37.94188690185547,490,0,,,,,,,,,,,,,,,,
492,1.2223868370056152,0.7078402042388916,22.1865177154541,491,0,,,,,,,,,,,,,,,,
492,0.36411288380622864,0.39448586106300354,3.67301869392395,492,0,,,,,,,,,,,,,,,,
494,3.087710380554199,1.321264624595642,31.201738357543945,493,0,,,,,,,,,,,,,,,,
494,0.6459921598434448,0.5109931230545044,9.177879333496094,494,0,,,,,,,,,,,,,,,,
495,0.276947557926178,0.3151451051235199,2.7606332302093506,495,0,,,,,,,,,,,,,,,,
497,1.360759973526001,0.8046567440032959,29.014936447143555,496,0,,,,,,,,,,,,,,,,
497,0.6459578275680542,0.5039922595024109,11.235283851623535,497,0,,,,,,,,,,,,,,,,
498,0.5470186471939087,0.4871644675731659,7.908326148986816,498,0,,,,,,,,,,,,,,,,
499,0.8588288426399231,0.554199755191803,12.738326072692871,499,0,,,,,,,,,,,,,,,,
501,,,,,,-22.24418042363287,254,-22.24418042363287,254,501,499,497,7.765625,0,0.105819576367088,0.0,-22.349999999999955,0.0,0.0,-22.24418042363287,1.0
502,,,,,,-17.05907740850032,248,-17.05907740850032,248,502,499,498,7.78125,1,0.14092259149966033,0.0,-17.199999999999978,0.0,0.0,-17.05907740850032,1.0
